{"state_size": 2, "chain": "[[[\"___BEGIN__\", \"___BEGIN__\"], {\"\\u3088\\u30fc\\u3057\": 1, \"\\u305b\\u3081\\u3066\": 1, \"#\": 18, \"\\u4e00\": 1, \"1\": 1, \"\\uff3c\": 2, \"\\u3055\\u304f\\u3089\": 1, \"\\u30d5\\u30a9\\u30ed\\u30ef\\u30fc\": 1, \"\\u6b4c\\u3063\": 1, \"\\u3053\\u3061\\u3089\": 2, \"\\u30b8\\u30e3\\u30c3\\u30af\": 1, \"\\u300c\": 4, \"\\u3053\\u3093\\u306a\": 4, \"\\u59b9\": 2, \"\\u3069\\u3093\\u306a\": 1, \"syamu\": 3, \"\\u3044\\u3044\": 4, \"\\u3053\\u306e\": 1, \"\\u4f55\": 2, \"\\u30cf\\u30de\\u3063\": 1, \"\\u3053\\u308c\": 1, \"\\ud83c\\uddf7\\ud83c\\uddf4\": 1, \"\\u672c\\u65e5\": 1, \"\\u7279\\u5225\": 1, \"\\u307e\\u305f\": 1, \"\\u7dba\\u9e97\": 1, \"\\u3067\\u3082\": 1, \"\\u6700\\u65b0\": 1, \"\\u597d\\u304d\": 1, \"\\u8328\\u57ce\": 1, \"\\u30c7\\u30a3\\u30a2\\u30f3\\u30b5\": 1, \"\\u3069\\u30fc\\u3082\": 1, \"\\u308f\\u3056\\u308f\\u3056\": 1, \"\\u5f53\\u65b9\": 1, \"\\u79c1\": 1, \"\\u30d3\\u30f3\": 1, \"\\u30ac\\u30f3\": 1, \"\\u540d\": 1, \"\\ud83c\\udf8a\": 1, \"\\u7b54\": 1, \"\\u3061\\u3087\\u3053\\u3061\\u3087\\u3053\": 1, \"\\u304a\\u4e16\\u8a71\": 1, \"\\u30b2\\u30de\": 1, \"\\u6843\": 1, \"\\u3042\\u306a\\u305f\": 1, \"\\u6700\\u8fd1\": 1, \"\\u8a95\\u751f\": 1, \"\\u5f85\\u3063\": 1, \"\\uff93\\uff73\\uff75\\uff85\\uff76\\uff8d\\uff9f\\uff7a\\uff8d\\uff9f\\uff7a\\uff83\\uff9e\\uff7d\\uff96\\uff70\": 1}], [[\"___BEGIN__\", \"\\u3088\\u30fc\\u3057\"], {\"\\uff01\": 1}], [[\"\\u3088\\u30fc\\u3057\", \"\\uff01\"], {\"\\u71c3\\u3048\": 1}], [[\"\\uff01\", \"\\u71c3\\u3048\"], {\"\\u3066\": 1}], [[\"\\u71c3\\u3048\", \"\\u3066\"], {\"\\u304d\": 1}], [[\"\\u3066\", \"\\u304d\"], {\"\\u305f\": 1, \"\\u3066\": 1}], [[\"\\u304d\", \"\\u305f\"], {\"\\u30fc\": 1}], [[\"\\u305f\", \"\\u30fc\"], {\"\\uff01\": 1}], [[\"\\u30fc\", \"\\uff01\"], {\"\\u982d\": 1}], [[\"\\uff01\", \"\\u982d\"], {\"\\u30bd\\u30eb\\u30c8\": 1}], [[\"\\u982d\", \"\\u30bd\\u30eb\\u30c8\"], {\"\\u306b\": 1}], [[\"\\u30bd\\u30eb\\u30c8\", \"\\u306b\"], {\"\\u306a\\u308b\": 1}], [[\"\\u306b\", \"\\u306a\\u308b\"], {\"\\u3067\": 1, \"\\u3068\": 1}], [[\"\\u306a\\u308b\", \"\\u3067\"], {\"\\u3044\\u3044\": 1}], [[\"\\u3067\", \"\\u3044\\u3044\"], {\"\\u306d\": 1, \"\\u306e\": 1}], [[\"\\u3044\\u3044\", \"\\u306d\"], {\"\\u62bc\\u3057\": 13}], [[\"\\u306d\", \"\\u62bc\\u3057\"], {\"\\u3066\": 13}], [[\"\\u62bc\\u3057\", \"\\u3066\"], {\"\\u307f\": 13}], [[\"\\u3066\", \"\\u307f\"], {\"\\u3066\": 13}], [[\"\\u307f\", \"\\u3066\"], {\"___END__\": 13}], [[\"___BEGIN__\", \"\\u305b\\u3081\\u3066\"], {\"\\u300c\": 1}], [[\"\\u305b\\u3081\\u3066\", \"\\u300c\"], {\"\\u300e\": 1}], [[\"\\u300c\", \"\\u300e\"], {\"\\u3053\\u3093\\u306a\": 1}], [[\"\\u300e\", \"\\u3053\\u3093\\u306a\"], {\"\\u98a8\": 1}], [[\"\\u3053\\u3093\\u306a\", \"\\u98a8\"], {\"\\u306b\": 1}], [[\"\\u98a8\", \"\\u306b\"], {\"\\u300f\": 1}], [[\"\\u306b\", \"\\u300f\"], {\"\\u5225\": 1}], [[\"\\u300f\", \"\\u5225\"], {\"\\u5f62\\u72b6\": 1}], [[\"\\u5225\", \"\\u5f62\\u72b6\"], {\"\\u306e\": 1}], [[\"\\u5f62\\u72b6\", \"\\u306e\"], {\"\\u306b\": 1}], [[\"\\u306e\", \"\\u306b\"], {\"\\u3059\\u308b\": 1}], [[\"\\u306b\", \"\\u3059\\u308b\"], {\"\\u3068\\u304b\": 1, \"\\u3088\": 1}], [[\"\\u3059\\u308b\", \"\\u3068\\u304b\"], {\"\\u300d\": 1}], [[\"\\u3068\\u304b\", \"\\u300d\"], {\"\\u9806\\u5e73\": 1}], [[\"\\u300d\", \"\\u9806\\u5e73\"], {\"\\uff08\": 1}], [[\"\\u9806\\u5e73\", \"\\uff08\"], {\"\\u6620\\u753b\": 1}], [[\"\\uff08\", \"\\u6620\\u753b\"], {\"\\u7248\": 1}], [[\"\\u6620\\u753b\", \"\\u7248\"], {\"\\u3060\": 1}], [[\"\\u7248\", \"\\u3060\"], {\"\\u304b\\u3089\": 1}], [[\"\\u3060\", \"\\u304b\\u3089\"], {\"\\u753b\\u9762\": 1}], [[\"\\u304b\\u3089\", \"\\u753b\\u9762\"], {\"\\u304c\": 1}], [[\"\\u753b\\u9762\", \"\\u304c\"], {\"\\uff09\": 1}], [[\"\\u304c\", \"\\uff09\"], {\"\\u6697\\u3044\": 1}], [[\"\\uff09\", \"\\u6697\\u3044\"], {\"\\u3093\": 1}], [[\"\\u6697\\u3044\", \"\\u3093\"], {\"\\u3060\": 1}], [[\"\\u3093\", \"\\u3060\"], {\"\\u3088\": 1}], [[\"\\u3060\", \"\\u3088\"], {\"\\uff01\": 1}], [[\"\\u3088\", \"\\uff01\"], {\"\\u3044\\u3044\": 1}], [[\"\\uff01\", \"\\u3044\\u3044\"], {\"\\u306d\": 2}], [[\"___BEGIN__\", \"#\"], {\"syamu\": 10, \"\\u6d5c\\u5d0e\": 1, \"\\u3055\\u304f\\u3089\": 1, \"TikTok\": 1, \"___END__\": 4, \"youtube\\uff52LIVE\": 1}], [[\"#\", \"syamu\"], {\"_\": 11}], [[\"syamu\", \"_\"], {\"game\": 11}], [[\"_\", \"game\"], {\"\\ud83d\\udc7d\": 9, \"___END__\": 1, \"\\u3044\\u3044\": 1}], [[\"game\", \"\\ud83d\\udc7d\"], {\"\\u660e\\u65e5\": 1, \"\\u751f\\u304d\": 1, \"syamu\": 1, \"\\u3044\\u3044\": 2, \"\\uff0f\": 1, \"\\u79c1\": 1, \"\\u80f8\": 1, \"\\u4eba\\u751f\": 1}], [[\"\\ud83d\\udc7d\", \"\\u660e\\u65e5\"], {\"\\u304b\\u3089\": 1}], [[\"\\u660e\\u65e5\", \"\\u304b\\u3089\"], {\"\\u9023\\u4f11\": 1}], [[\"\\u304b\\u3089\", \"\\u9023\\u4f11\"], {\"\\u3067\\u3059\": 1}], [[\"\\u9023\\u4f11\", \"\\u3067\\u3059\"], {\"\\u3002\": 1}], [[\"\\u3067\\u3059\", \"\\u3002\"], {\"4\": 1, \"___END__\": 1}], [[\"\\u3002\", \"4\"], {\"\\u65e5\\u9593\": 1}], [[\"4\", \"\\u65e5\\u9593\"], {\"\\u3001\": 1}], [[\"\\u65e5\\u9593\", \"\\u3001\"], {\"\\u4f11\\u307f\": 1}], [[\"\\u3001\", \"\\u4f11\\u307f\"], {\"\\u304c\": 1}], [[\"\\u4f11\\u307f\", \"\\u304c\"], {\"\\u7d9a\\u304d\": 1}], [[\"\\u304c\", \"\\u7d9a\\u304d\"], {\"\\u307e\\u3059\": 1}], [[\"\\u7d9a\\u304d\", \"\\u307e\\u3059\"], {\"\\u3002\": 1}], [[\"\\u307e\\u3059\", \"\\u3002\"], {\"\\u4f11\\u307f\": 1, \"___END__\": 2, \"\\u9577\\u671f\": 1}], [[\"\\u3002\", \"\\u4f11\\u307f\"], {\"\\u306b\": 1}], [[\"\\u4f11\\u307f\", \"\\u306b\"], {\"\\u306a\\u308b\": 1}], [[\"\\u306a\\u308b\", \"\\u3068\"], {\"\\u3001\": 1}], [[\"\\u3068\", \"\\u3001\"], {\"\\u3069\\u3046\": 1}], [[\"\\u3001\", \"\\u3069\\u3046\"], {\"\\u3076\\u3064\": 1}], [[\"\\u3069\\u3046\", \"\\u3076\\u3064\"], {\"\\u6751\": 1}], [[\"\\u3076\\u3064\", \"\\u6751\"], {\"\\u3067\": 1}], [[\"\\u6751\", \"\\u3067\"], {\"\\u306f\": 1}], [[\"\\u3067\", \"\\u306f\"], {\"\\u4ea4\\u901a\": 1, \"\\u3054\\u3056\\u3044\": 1}], [[\"\\u306f\", \"\\u4ea4\\u901a\"], {\"\\u4e8b\\u6545\": 1}], [[\"\\u4ea4\\u901a\", \"\\u4e8b\\u6545\"], {\"\\u306b\": 2}], [[\"\\u4e8b\\u6545\", \"\\u306b\"], {\"\\u906d\\u3046\": 1, \"\\u306f\": 1}], [[\"\\u306b\", \"\\u906d\\u3046\"], {\"\\u5b50\\u4f9b\": 1}], [[\"\\u906d\\u3046\", \"\\u5b50\\u4f9b\"], {\"\\u304c\": 1}], [[\"\\u5b50\\u4f9b\", \"\\u304c\"], {\"\\u591a\\u3044\": 1}], [[\"\\u304c\", \"\\u591a\\u3044\"], {\"\\u306e\\u3067\": 1}], [[\"\\u591a\\u3044\", \"\\u306e\\u3067\"], {\"\\u3001\": 1}], [[\"\\u306e\\u3067\", \"\\u3001\"], {\"\\u4ea4\\u901a\": 1}], [[\"\\u3001\", \"\\u4ea4\\u901a\"], {\"\\u4e8b\\u6545\": 1}], [[\"\\u306b\", \"\\u306f\"], {\"\\u304f\\u308c\\u3050\\u308c\\u3082\": 1, \"\\u6bd2\": 1, \"\\u3002\": 1}], [[\"\\u306f\", \"\\u304f\\u308c\\u3050\\u308c\\u3082\"], {\"\\u6ce8\\u610f\": 1}], [[\"\\u304f\\u308c\\u3050\\u308c\\u3082\", \"\\u6ce8\\u610f\"], {\"\\u3057\": 1}], [[\"\\u6ce8\\u610f\", \"\\u3057\"], {\"\\u3066\": 1}], [[\"\\u3057\", \"\\u3066\"], {\"\\u304f\\u3060\\u3055\\u3044\": 1, \"\\u304a\\u308a\": 1, \"\\u9802\\u304d\": 1, \"\\u305f\": 1, \"\\u8b72\\u3063\": 1, \"\\u30c6\\u30ec\\u30d3\": 1}], [[\"\\u3066\", \"\\u304f\\u3060\\u3055\\u3044\"], {\"\\u3002\": 1, \"\\u2026\": 1}], [[\"\\u304f\\u3060\\u3055\\u3044\", \"\\u3002\"], {\"___END__\": 1}], [[\"___BEGIN__\", \"\\u4e00\"], {\"\\u4eba\": 1}], [[\"\\u4e00\", \"\\u4eba\"], {\"\\u3067\": 1}], [[\"\\u4eba\", \"\\u3067\"], {\"\\u3084\\u308a\": 1}], [[\"\\u3067\", \"\\u3084\\u308a\"], {\"\\u8fbc\\u3080\": 1}], [[\"\\u3084\\u308a\", \"\\u8fbc\\u3080\"], {\"\\u3082\\u306e\": 1}], [[\"\\u8fbc\\u3080\", \"\\u3082\\u306e\"], {\"\\u304b\\u3089\": 1}], [[\"\\u3082\\u306e\", \"\\u304b\\u3089\"], {\"\\u307f\\u3093\\u306a\": 1}], [[\"\\u304b\\u3089\", \"\\u307f\\u3093\\u306a\"], {\"\\u3067\": 1}], [[\"\\u307f\\u3093\\u306a\", \"\\u3067\"], {\"\\u3084\\u308b\": 1}], [[\"\\u3067\", \"\\u3084\\u308b\"], {\"\\u3082\\u306e\": 1}], [[\"\\u3084\\u308b\", \"\\u3082\\u306e\"], {\"\\u307e\\u3067\": 1}], [[\"\\u3082\\u306e\", \"\\u307e\\u3067\"], {\"\\u2661\": 1}], [[\"\\u307e\\u3067\", \"\\u2661\"], {\"\\u306a\\u3093\\u3068\\u3082\": 1}], [[\"\\u2661\", \"\\u306a\\u3093\\u3068\\u3082\"], {\"\\u8a00\\u3048\": 1}], [[\"\\u306a\\u3093\\u3068\\u3082\", \"\\u8a00\\u3048\"], {\"\\u306a\\u3044\": 1}], [[\"\\u8a00\\u3048\", \"\\u306a\\u3044\"], {\"\\u3066\": 1}], [[\"\\u306a\\u3044\", \"\\u3066\"], {\"\\u308a\\u3084\": 1}], [[\"\\u3066\", \"\\u308a\\u3084\"], {\"\\u304d\\u304c\": 1}], [[\"\\u308a\\u3084\", \"\\u304d\\u304c\"], {\"\\u594f\\u3067\\u308b\": 1}], [[\"\\u304d\\u304c\", \"\\u594f\\u3067\\u308b\"], {\"\\u30cf\\u30fc\\u30e2\\u30cb\\u30fc\": 1}], [[\"\\u594f\\u3067\\u308b\", \"\\u30cf\\u30fc\\u30e2\\u30cb\\u30fc\"], {\"\\u3001\": 1}], [[\"\\u30cf\\u30fc\\u30e2\\u30cb\\u30fc\", \"\\u3001\"], {\"\\u305d\\u3057\\u3066\": 1}], [[\"\\u3001\", \"\\u305d\\u3057\\u3066\"], {\"\\u30ec\\u30bf\\u30b9\": 1, \"\\u3066\\u308a\": 1}], [[\"\\u305d\\u3057\\u3066\", \"\\u30ec\\u30bf\\u30b9\"], {\"\\u3001\": 1}], [[\"\\u30ec\\u30bf\\u30b9\", \"\\u3001\"], {\"\\u30ec\\u30bf\\u30b9\": 1}], [[\"\\u3001\", \"\\u30ec\\u30bf\\u30b9\"], {\"\\u306e\": 1}], [[\"\\u30ec\\u30bf\\u30b9\", \"\\u306e\"], {\"\\u30a2\\u30af\\u30bb\\u30f3\\u30c8\": 1}], [[\"\\u306e\", \"\\u30a2\\u30af\\u30bb\\u30f3\\u30c8\"], {\"\\u3001\": 1}], [[\"\\u30a2\\u30af\\u30bb\\u30f3\\u30c8\", \"\\u3001\"], {\"\\u305d\\u3057\\u3066\": 1}], [[\"\\u305d\\u3057\\u3066\", \"\\u3066\\u308a\"], {\"\\u3084\\u304d\": 1}], [[\"\\u3066\\u308a\", \"\\u3084\\u304d\"], {\"\\u30bd\\u30fc\\u30b9\": 1}], [[\"\\u3084\\u304d\", \"\\u30bd\\u30fc\\u30b9\"], {\"\\u3068\": 1}], [[\"\\u30bd\\u30fc\\u30b9\", \"\\u3068\"], {\"\\u30de\\u30e8\\u30cd\\u30fc\\u30ba\": 1}], [[\"\\u3068\", \"\\u30de\\u30e8\\u30cd\\u30fc\\u30ba\"], {\"\\u304c\": 1}], [[\"\\u30de\\u30e8\\u30cd\\u30fc\\u30ba\", \"\\u304c\"], {\"\\u7d61\\u307f\\u5408\\u3063\": 1}], [[\"\\u304c\", \"\\u7d61\\u307f\\u5408\\u3063\"], {\"\\u3066\": 1}], [[\"\\u7d61\\u307f\\u5408\\u3063\", \"\\u3066\"], {\"\\u3001\": 1}], [[\"\\u3066\", \"\\u3001\"], {\"\\u3055\\u3089\\u306b\": 1, \"\\u30ad\\u30fc\\u30dc\\u30fc\\u30c9\": 1, \"\\u672c\\u4f53\": 1, \"\\u53ef\\u80fd\": 1}], [[\"\\u3001\", \"\\u3055\\u3089\\u306b\"], {\"\\u7f8e\\u3057\\u3044\": 1}], [[\"\\u3055\\u3089\\u306b\", \"\\u7f8e\\u3057\\u3044\"], {\"\\u97f3\\u8272\": 1}], [[\"\\u7f8e\\u3057\\u3044\", \"\\u97f3\\u8272\"], {\"\\u3092\": 1}], [[\"\\u97f3\\u8272\", \"\\u3092\"], {\"\\u594f\\u3067\": 1}], [[\"\\u3092\", \"\\u594f\\u3067\"], {\"\\u307e\\u3059\": 1}], [[\"\\u594f\\u3067\", \"\\u307e\\u3059\"], {\"\\u3001\": 1}], [[\"\\u307e\\u3059\", \"\\u3001\"], {\"\\u3082\\u3046\": 1}], [[\"\\u3001\", \"\\u3082\\u3046\"], {\"\\u306a\\u3093\": 1}], [[\"\\u3082\\u3046\", \"\\u306a\\u3093\"], {\"\\u3066\\u3044\\u3046\": 1}], [[\"\\u306a\\u3093\", \"\\u3066\\u3044\\u3046\"], {\"\\u304b\": 1}], [[\"\\u3066\\u3044\\u3046\", \"\\u304b\"], {\"\\u30d1\\u30fc\\u30d5\\u30a7\\u30af\\u30c8\": 1}], [[\"\\u304b\", \"\\u30d1\\u30fc\\u30d5\\u30a7\\u30af\\u30c8\"], {\"\\uff01\": 1}], [[\"\\u30d1\\u30fc\\u30d5\\u30a7\\u30af\\u30c8\", \"\\uff01\"], {\"\\u3044\\u3044\": 1}], [[\"\\ud83d\\udc7d\", \"\\u751f\\u304d\"], {\"\\u3066\": 1}], [[\"\\u751f\\u304d\", \"\\u3066\"], {\"\\u3044\\u308b\": 1}], [[\"\\u3066\", \"\\u3044\\u308b\"], {\"\\u3060\\u3051\": 1, \"\\u3053\\u3068\": 1, \"\\u3088\\u3046\": 1}], [[\"\\u3044\\u308b\", \"\\u3060\\u3051\"], {\"\\u3067\": 1}], [[\"\\u3060\\u3051\", \"\\u3067\"], {\"\\u30b3\\u30ed\\u30ca\": 1}], [[\"\\u3067\", \"\\u30b3\\u30ed\\u30ca\"], {\"\\u30a6\\u30a4\\u30eb\\u30b9\": 1}], [[\"\\u30b3\\u30ed\\u30ca\", \"\\u30a6\\u30a4\\u30eb\\u30b9\"], {\"\\u6271\\u3044\": 1}], [[\"\\u30a6\\u30a4\\u30eb\\u30b9\", \"\\u6271\\u3044\"], {\"\\u3055\": 1}], [[\"\\u6271\\u3044\", \"\\u3055\"], {\"\\u308c\\u308b\": 1}], [[\"\\u3055\", \"\\u308c\\u308b\"], {\"\\u7537\": 1}], [[\"\\u308c\\u308b\", \"\\u7537\"], {\"___END__\": 1}], [[\"#\", \"\\u6d5c\\u5d0e\"], {\"\\u9806\\u5e73\": 1}], [[\"\\u6d5c\\u5d0e\", \"\\u9806\\u5e73\"], {\"\\u3044\\u3044\": 1}], [[\"\\u9806\\u5e73\", \"\\u3044\\u3044\"], {\"\\u306d\": 1}], [[\"\\ud83d\\udc7d\", \"syamu\"], {\"\\u306e\": 1}], [[\"syamu\", \"\\u306e\"], {\"\\u30b5\\u30e0\\u30cd\": 1, \"\\u8a71\\u3057\": 1}], [[\"\\u306e\", \"\\u30b5\\u30e0\\u30cd\"], {\"\\u3088\\u308a\": 1}], [[\"\\u30b5\\u30e0\\u30cd\", \"\\u3088\\u308a\"], {\"\\u3064\\u307e\\u3089\\u306a\\u3044\": 1}], [[\"\\u3088\\u308a\", \"\\u3064\\u307e\\u3089\\u306a\\u3044\"], {\"\\uff1f\\uff1f\\uff1f\\uff62\": 1}], [[\"\\u3064\\u307e\\u3089\\u306a\\u3044\", \"\\uff1f\\uff1f\\uff1f\\uff62\"], {\"\\u30e0\\u30af\\u30e0\\u30af\\u30e0\\u30af\\u30c3\": 1}], [[\"\\uff1f\\uff1f\\uff1f\\uff62\", \"\\u30e0\\u30af\\u30e0\\u30af\\u30e0\\u30af\\u30c3\"], {\"\\uff01\\uff63\": 1}], [[\"\\u30e0\\u30af\\u30e0\\u30af\\u30e0\\u30af\\u30c3\", \"\\uff01\\uff63\"], {\"\\u3044\\u3044\": 1}], [[\"\\uff01\\uff63\", \"\\u3044\\u3044\"], {\"\\u306d\": 1}], [[\"\\ud83d\\udc7d\", \"\\u3044\\u3044\"], {\"\\u306d\": 2}], [[\"\\ud83d\\udc7d\", \"\\uff0f\"], {\"___END__\": 1}], [[\"___BEGIN__\", \"1\"], {\"\\u307e\": 1}], [[\"1\", \"\\u307e\"], {\"\\u3093\": 1}], [[\"\\u307e\", \"\\u3093\"], {\"\\u306b\": 1}], [[\"\\u3093\", \"\\u306b\"], {\"\\u3093\": 1}], [[\"\\u306b\", \"\\u3093\"], {\"\\uff01\": 1}], [[\"\\u3093\", \"\\uff01\"], {\"\\uff01\": 1}], [[\"\\uff01\", \"\\uff01\"], {\"\\u3042\\u308a\\u304c\\u3068\\u3046\": 1, \"___END__\": 2, \"\\u2026\": 1, \"\\u300c\": 1, \"\\uff01\": 2, \"\\u3053\\u3053\": 1}], [[\"\\uff01\", \"\\u3042\\u308a\\u304c\\u3068\\u3046\"], {\"\\uff01\": 1}], [[\"\\u3042\\u308a\\u304c\\u3068\\u3046\", \"\\uff01\"], {\"\\uff01\": 1}], [[\"___BEGIN__\", \"\\uff3c\"], {\"___END__\": 2}], [[\"___BEGIN__\", \"\\u3055\\u304f\\u3089\"], {\"\\u3057\\u3081\\u3058\": 1}], [[\"\\u3055\\u304f\\u3089\", \"\\u3057\\u3081\\u3058\"], {\"\\u30aa\\u30d5\\u30a3\\u30b7\\u30e3\\u30eb\": 1, \"___END__\": 1}], [[\"\\u3057\\u3081\\u3058\", \"\\u30aa\\u30d5\\u30a3\\u30b7\\u30e3\\u30eb\"], {\"TikTok\": 1}], [[\"\\u30aa\\u30d5\\u30a3\\u30b7\\u30e3\\u30eb\", \"TikTok\"], {\"___END__\": 1}], [[\"___BEGIN__\", \"\\u30d5\\u30a9\\u30ed\\u30ef\\u30fc\"], {\"\\u304c\": 1}], [[\"\\u30d5\\u30a9\\u30ed\\u30ef\\u30fc\", \"\\u304c\"], {\"\\uff11\": 1}], [[\"\\u304c\", \"\\uff11\"], {\"\\u4e07\": 1}], [[\"\\uff11\", \"\\u4e07\"], {\"\\u4eba\": 1}], [[\"\\u4e07\", \"\\u4eba\"], {\"\\u306b\": 1}], [[\"\\u4eba\", \"\\u306b\"], {\"\\u306a\\u308a\": 1}], [[\"\\u306b\", \"\\u306a\\u308a\"], {\"\\u307e\\u3057\": 1}], [[\"\\u306a\\u308a\", \"\\u307e\\u3057\"], {\"\\u305f\": 1}], [[\"\\u307e\\u3057\", \"\\u305f\"], {\"\\ud83c\\udf8a\\ud83c\\udf8a\": 1, \"\\u2026\": 1}], [[\"\\u305f\", \"\\ud83c\\udf8a\\ud83c\\udf8a\"], {\"___END__\": 1}], [[\"___BEGIN__\", \"\\u6b4c\\u3063\"], {\"\\u3066\": 1}], [[\"\\u6b4c\\u3063\", \"\\u3066\"], {\"\\u307b\\u3057\\u3044\": 1}], [[\"\\u3066\", \"\\u307b\\u3057\\u3044\"], {\"\\u66f2\": 1}], [[\"\\u307b\\u3057\\u3044\", \"\\u66f2\"], {\"\\u3082\": 1}], [[\"\\u66f2\", \"\\u3082\"], {\"\\u304a\\u5f85\\u3061\": 1}], [[\"\\u3082\", \"\\u304a\\u5f85\\u3061\"], {\"\\u3057\": 1}], [[\"\\u304a\\u5f85\\u3061\", \"\\u3057\"], {\"\\u3066\": 1}], [[\"\\u3066\", \"\\u304a\\u308a\"], {\"\\u307e\\u3059\": 3}], [[\"\\u304a\\u308a\", \"\\u307e\\u3059\"], {\"\\ud83c\\udf44\": 1, \"\\u3002\": 1, \"\\u2729.*\": 1}], [[\"\\u307e\\u3059\", \"\\ud83c\\udf44\"], {\"___END__\": 1}], [[\"#\", \"\\u3055\\u304f\\u3089\"], {\"\\u3057\\u3081\\u3058\": 1}], [[\"#\", \"TikTok\"], {\"\\u2026\": 1}], [[\"TikTok\", \"\\u2026\"], {\"PC\": 1}], [[\"\\u2026\", \"PC\"], {\"\\u304c\": 1}], [[\"PC\", \"\\u304c\"], {\"\\u5e30\\u3063\": 1}], [[\"\\u304c\", \"\\u5e30\\u3063\"], {\"\\u3066\": 1}], [[\"\\u5e30\\u3063\", \"\\u3066\"], {\"\\u304d\": 1}], [[\"\\u304d\", \"\\u3066\"], {\"\\u753b\\u9762\": 1}], [[\"\\u3066\", \"\\u753b\\u9762\"], {\"\\u306a\\u3069\": 1}], [[\"\\u753b\\u9762\", \"\\u306a\\u3069\"], {\"\\u306e\": 1}], [[\"\\u306a\\u3069\", \"\\u306e\"], {\"\\u30b7\\u30fc\\u30eb\": 1}], [[\"\\u306e\", \"\\u30b7\\u30fc\\u30eb\"], {\"\\u8cb7\\u3063\": 1, \"\\u3067\\u3057\": 1}], [[\"\\u30b7\\u30fc\\u30eb\", \"\\u8cb7\\u3063\"], {\"\\u3066\": 1}], [[\"\\u8cb7\\u3063\", \"\\u3066\"], {\"\\u8cbc\\u3063\": 1}], [[\"\\u3066\", \"\\u8cbc\\u3063\"], {\"\\u3066\": 1}], [[\"\\u8cbc\\u3063\", \"\\u3066\"], {\"\\u3001\": 1}], [[\"\\u3001\", \"\\u30ad\\u30fc\\u30dc\\u30fc\\u30c9\"], {\"\\u306b\": 1}], [[\"\\u30ad\\u30fc\\u30dc\\u30fc\\u30c9\", \"\\u306b\"], {\"\\u3082\": 1}], [[\"\\u306b\", \"\\u3082\"], {\"\\u30ab\\u30d0\\u30fc\": 1, \"\\u65b0\\u3057\\u3044\": 1}], [[\"\\u3082\", \"\\u30ab\\u30d0\\u30fc\"], {\"\\u3064\\u3051\": 1}], [[\"\\u30ab\\u30d0\\u30fc\", \"\\u3064\\u3051\"], {\"\\u3066\": 2}], [[\"\\u3064\\u3051\", \"\\u3066\"], {\"\\u3001\": 1, \"\\u3002\": 1}], [[\"\\u3001\", \"\\u672c\\u4f53\"], {\"\\u81ea\\u4f53\": 1}], [[\"\\u672c\\u4f53\", \"\\u81ea\\u4f53\"], {\"\\u306b\": 1}], [[\"\\u81ea\\u4f53\", \"\\u306b\"], {\"\\u3082\": 1}], [[\"\\u3082\", \"\\u65b0\\u3057\\u3044\"], {\"\\u30ab\\u30d0\\u30fc\": 1}], [[\"\\u65b0\\u3057\\u3044\", \"\\u30ab\\u30d0\\u30fc\"], {\"\\u3064\\u3051\": 1}], [[\"\\u3066\", \"\\u3002\"], {\"\\u65b0\\u54c1\": 1}], [[\"\\u3002\", \"\\u65b0\\u54c1\"], {\"\\u8cb7\\u3063\": 1}], [[\"\\u65b0\\u54c1\", \"\\u8cb7\\u3063\"], {\"\\u305f\": 1}], [[\"\\u8cb7\\u3063\", \"\\u305f\"], {\"\\u304b\": 1}], [[\"\\u305f\", \"\\u304b\"], {\"\\u306e\": 1}], [[\"\\u304b\", \"\\u306e\"], {\"\\u3088\\u3046\": 1}], [[\"\\u306e\", \"\\u3088\\u3046\"], {\"\\u306b\": 1}], [[\"\\u3088\\u3046\", \"\\u306b\"], {\"\\u3057\": 1, \"\\u898b\\u3048\\u308b\": 1, \"\\u3059\\u308b\": 1, \"\\u30fb\": 1}], [[\"\\u306b\", \"\\u3057\"], {\"\\u3066\\u308b\": 1, \"\\u3066\": 1}], [[\"\\u3057\", \"\\u3066\\u308b\"], {\"w\": 1, \"\\u3093\": 1, \"\\u3002\": 1}], [[\"\\u3066\\u308b\", \"w\"], {\"\\u3044\\u3044\": 1}], [[\"w\", \"\\u3044\\u3044\"], {\"\\u306d\": 1}], [[\"\\ud83d\\udc7d\", \"\\u79c1\"], {\"\\u3082\": 1}], [[\"\\u79c1\", \"\\u3082\"], {\"\\u30ea\\u30cf\\u30d3\\u30ea\": 1, \"\\u6b7b\\u306c\": 1}], [[\"\\u3082\", \"\\u30ea\\u30cf\\u30d3\\u30ea\"], {\"\\u3057\": 1}], [[\"\\u30ea\\u30cf\\u30d3\\u30ea\", \"\\u3057\"], {\"\\u306a\\u3044\": 1}], [[\"\\u3057\", \"\\u306a\\u3044\"], {\"\\u3068\": 1, \"\\u3088\\u3046\": 1}], [[\"\\u306a\\u3044\", \"\\u3068\"], {\"\\u306a\\u3041\": 1, \"\\u601d\\u3046\": 1}], [[\"\\u3068\", \"\\u306a\\u3041\"], {\"\\u30a2\\u30f3\\u30bf\": 1}], [[\"\\u306a\\u3041\", \"\\u30a2\\u30f3\\u30bf\"], {\"\\u306f\": 1}], [[\"\\u30a2\\u30f3\\u30bf\", \"\\u306f\"], {\"\\u79c1\": 1}], [[\"\\u306f\", \"\\u79c1\"], {\"\\u306e\": 1}], [[\"\\u79c1\", \"\\u306e\"], {\"\\u30d7\\u30ed\\u30c7\\u30e5\\u30fc\\u30b5\\u30fc\": 1, \"\\u3053\\u3068\": 1}], [[\"\\u306e\", \"\\u30d7\\u30ed\\u30c7\\u30e5\\u30fc\\u30b5\\u30fc\"], {\"\\u3067\": 1}], [[\"\\u30d7\\u30ed\\u30c7\\u30e5\\u30fc\\u30b5\\u30fc\", \"\\u3067\"], {\"\\u3044\\u3044\": 1}], [[\"\\u3044\\u3044\", \"\\u306e\"], {\"\\u304b\": 1}], [[\"\\u306e\", \"\\u304b\"], {\"\\u306a\": 1, \"\\u3068\": 1, \"\\u3041\\u3041\\u3041\": 1}], [[\"\\u304b\", \"\\u306a\"], {\"\\uff1f\": 1, \"\\u3001\": 1}], [[\"\\u306a\", \"\\uff1f\"], {\"\\u4eca\\u65e5\": 1, \"___END__\": 1}], [[\"\\uff1f\", \"\\u4eca\\u65e5\"], {\"\\u306f\": 1}], [[\"\\u4eca\\u65e5\", \"\\u306f\"], {\"\\u304a\": 1}], [[\"\\u306f\", \"\\u304a\"], {\"\\u8a95\\u751f\": 1}], [[\"\\u304a\", \"\\u8a95\\u751f\"], {\"\\u65e5\": 1}], [[\"\\u8a95\\u751f\", \"\\u65e5\"], {\"\\u69d8\": 1, \"\\u30d7\\u30ec\\u30bc\\u30f3\\u30c8\": 1}], [[\"\\u65e5\", \"\\u69d8\"], {\"\\u306a\": 1}], [[\"\\u69d8\", \"\\u306a\"], {\"\\u306e\": 1}], [[\"\\u306a\", \"\\u306e\"], {\"\\u3060\": 1}], [[\"\\u306e\", \"\\u3060\"], {\"\\u305e\": 1}], [[\"\\u3060\", \"\\u305e\"], {\"\\u3002\": 1}], [[\"\\u305e\", \"\\u3002\"], {\"\\u98a8\\u8239\": 1}], [[\"\\u3002\", \"\\u98a8\\u8239\"], {\"\\u98db\\u3093\": 1}], [[\"\\u98a8\\u8239\", \"\\u98db\\u3093\"], {\"\\u3060\": 1}], [[\"\\u98db\\u3093\", \"\\u3060\"], {\"\\ud83c\\udf88\": 1}], [[\"\\u3060\", \"\\ud83c\\udf88\"], {\"\\u3044\\u3084\": 1}], [[\"\\ud83c\\udf88\", \"\\u3044\\u3084\"], {\"\\u3001\": 1}], [[\"\\u3044\\u3084\", \"\\u3001\"], {\"\\u306f\\u3063\": 1}], [[\"\\u3001\", \"\\u306f\\u3063\"], {\"\\u3084\": 1}], [[\"\\u306f\\u3063\", \"\\u3084\"], {\"1\": 1}], [[\"\\u3084\", \"1\"], {\"\\u884c\": 1}], [[\"1\", \"\\u884c\"], {\"\\u76ee\": 1}], [[\"\\u884c\", \"\\u76ee\"], {\"\\u8aad\\u3093\": 1}], [[\"\\u76ee\", \"\\u8aad\\u3093\"], {\"\\u3060\": 1}], [[\"\\u8aad\\u3093\", \"\\u3060\"], {\"\\u6642\": 1}], [[\"\\u3060\", \"\\u6642\"], {\"syamu\": 1}], [[\"\\u6642\", \"syamu\"], {\"\\u306e\": 1}], [[\"\\u306e\", \"\\u8a71\\u3057\"], {\"\\u3066\\u3093\": 1}], [[\"\\u8a71\\u3057\", \"\\u3066\\u3093\"], {\"\\u306e\": 1}], [[\"\\u3066\\u3093\", \"\\u306e\"], {\"\\u304b\": 1}], [[\"\\u304b\", \"\\u3068\"], {\"\\u601d\\u3063\": 1}], [[\"\\u3068\", \"\\u601d\\u3063\"], {\"\\u305f\": 1, \"\\u3068\\u3051\": 1}], [[\"\\u601d\\u3063\", \"\\u305f\"], {\"\\u304a\\u4e16\\u8a71\": 1}], [[\"\\u305f\", \"\\u304a\\u4e16\\u8a71\"], {\"\\u306b\": 1}], [[\"\\u304a\\u4e16\\u8a71\", \"\\u306b\"], {\"\\u306a\\u3063\": 2}], [[\"\\u306b\", \"\\u306a\\u3063\"], {\"\\u3066\": 2}], [[\"\\u306a\\u3063\", \"\\u3066\"], {\"\\u304a\\u308a\": 2}], [[\"___BEGIN__\", \"\\u3053\\u3061\\u3089\"], {\"\\u4e88\\u7d04\": 2}], [[\"\\u3053\\u3061\\u3089\", \"\\u4e88\\u7d04\"], {\"\\u6e08\\u307f\": 1, \"\\u6e08\": 1}], [[\"\\u4e88\\u7d04\", \"\\u6e08\\u307f\"], {\"\\u3067\\u3059\": 1}], [[\"\\u6e08\\u307f\", \"\\u3067\\u3059\"], {\"\\u3002\": 1}], [[\"___BEGIN__\", \"\\u30b8\\u30e3\\u30c3\\u30af\"], {\"1\": 1}], [[\"\\u30b8\\u30e3\\u30c3\\u30af\", \"1\"], {\"\\u2194\": 1}], [[\"1\", \"\\u2194\"], {\"\\ufe0f\": 1}], [[\"\\u2194\", \"\\ufe0f\"], {\"\\u30ec\\u30aa\\u30ca\": 1}], [[\"\\ufe0f\", \"\\u30ec\\u30aa\\u30ca\"], {\"1\": 1}], [[\"\\u30ec\\u30aa\\u30ca\", \"1\"], {\"\\u306e\": 1}], [[\"1\", \"\\u306e\"], {\"\\u4ea4\\u63db\": 1}], [[\"\\u306e\", \"\\u4ea4\\u63db\"], {\"\\u306f\": 1}], [[\"\\u4ea4\\u63db\", \"\\u306f\"], {\"\\u53ef\\u80fd\": 1}], [[\"\\u306f\", \"\\u53ef\\u80fd\"], {\"\\u3067\\u3057\\u3087\": 2}], [[\"\\u53ef\\u80fd\", \"\\u3067\\u3057\\u3087\"], {\"\\u3046\": 2}], [[\"\\u3067\\u3057\\u3087\", \"\\u3046\"], {\"\\u304b\": 2, \"\\uff1f\": 1}], [[\"\\u3046\", \"\\u304b\"], {\"\\uff1f\": 2}], [[\"\\u304b\", \"\\uff1f\"], {\"\\u8d05\\u6ca2\": 1, \"\\u2026\": 4, \"\\u5fa1\": 1}], [[\"\\uff1f\", \"\\u8d05\\u6ca2\"], {\"\\u30d1\\u30c3\\u30af\": 1}], [[\"\\u8d05\\u6ca2\", \"\\u30d1\\u30c3\\u30af\"], {\"\\u3067\": 1}], [[\"\\u30d1\\u30c3\\u30af\", \"\\u3067\"], {\"\\u8349\": 1}], [[\"\\u3067\", \"\\u8349\"], {\"\\u751f\\u3048\": 1}], [[\"\\u8349\", \"\\u751f\\u3048\"], {\"\\u6563\\u3089\\u304b\\u3057\": 1}], [[\"\\u751f\\u3048\", \"\\u6563\\u3089\\u304b\\u3057\"], {\"\\u3066\": 1}], [[\"\\u6563\\u3089\\u304b\\u3057\", \"\\u3066\"], {\"\\u30e9\\u30fc\\u30e1\\u30f3\": 1}], [[\"\\u3066\", \"\\u30e9\\u30fc\\u30e1\\u30f3\"], {\"\\u5439\\u3044\": 1}], [[\"\\u30e9\\u30fc\\u30e1\\u30f3\", \"\\u5439\\u3044\"], {\"\\u305f\": 1}], [[\"\\u5439\\u3044\", \"\\u305f\"], {\"\\u3010\": 1}], [[\"\\u305f\", \"\\u3010\"], {\"\\u4e09\": 1}], [[\"\\u3010\", \"\\u4e09\"], {\"\\u8272\": 1}], [[\"\\u4e09\", \"\\u8272\"], {\"\\u30c1\\u30fc\\u30ba\": 1}], [[\"\\u8272\", \"\\u30c1\\u30fc\\u30ba\"], {\"\\u725b\": 1}], [[\"\\u30c1\\u30fc\\u30ba\", \"\\u725b\"], {\"\\u4e3c\": 1}], [[\"\\u725b\", \"\\u4e3c\"], {\"\\u306e\": 1}], [[\"\\u4e3c\", \"\\u306e\"], {\"\\u7279\": 1}], [[\"\\u306e\", \"\\u7279\"], {\"\\u76db\": 1}], [[\"\\u7279\", \"\\u76db\"], {\"\\u306b\": 1}], [[\"\\u76db\", \"\\u306b\"], {\"\\u6e29\": 1}], [[\"\\u306b\", \"\\u6e29\"], {\"\\u7389\": 1}], [[\"\\u6e29\", \"\\u7389\"], {\"\\u4ed8\\u304d\": 1}], [[\"\\u7389\", \"\\u4ed8\\u304d\"], {\"\\u3092\": 1}], [[\"\\u4ed8\\u304d\", \"\\u3092\"], {\"\\u983c\\u3080\": 1}], [[\"\\u3092\", \"\\u983c\\u3080\"], {\"\\u5927\\u9053\\u5bfa\": 1}], [[\"\\u983c\\u3080\", \"\\u5927\\u9053\\u5bfa\"], {\"\\u77e5\\u4e16\": 1}], [[\"\\u5927\\u9053\\u5bfa\", \"\\u77e5\\u4e16\"], {\"\\u306e\": 1}], [[\"\\u77e5\\u4e16\", \"\\u306e\"], {\"\\u58f0\": 1}], [[\"\\u306e\", \"\\u58f0\"], {\"\\u771f\\u4f3c\": 1}], [[\"\\u58f0\", \"\\u771f\\u4f3c\"], {\"\\u3011\": 1}], [[\"\\u771f\\u4f3c\", \"\\u3011\"], {\"\\u6700\\u5927\": 1}], [[\"\\u3011\", \"\\u6700\\u5927\"], {\"\\u3067\": 1}], [[\"\\u6700\\u5927\", \"\\u3067\"], {\"\\uff11\": 1}], [[\"\\u3067\", \"\\uff11\"], {\"\\uff10\": 1}], [[\"\\uff11\", \"\\uff10\"], {\"\\uff10\": 1, \"\\u4eba\": 1}], [[\"\\uff10\", \"\\uff10\"], {\"\\u4eba\": 1}], [[\"\\uff10\", \"\\u4eba\"], {\"\\u6765\\u308b\": 1, \"\\u3001\": 1, \"\\u3002\": 1, \"\\u3063\\u3066\": 1}], [[\"\\u4eba\", \"\\u6765\\u308b\"], {\"\\u3068\": 1}], [[\"\\u6765\\u308b\", \"\\u3068\"], {\"\\u601d\\u3063\": 1}], [[\"\\u601d\\u3063\", \"\\u3068\\u3051\"], {\"\\u3070\": 1}], [[\"\\u3068\\u3051\", \"\\u3070\"], {\"\\u3044\\u3044\": 1}], [[\"\\u3070\", \"\\u3044\\u3044\"], {\"\\u304b\": 1}], [[\"\\u3044\\u3044\", \"\\u304b\"], {\"\\u306a\": 1}], [[\"\\u306a\", \"\\u3001\"], {\"\\u5c11\\u306a\\u304f\": 1}], [[\"\\u3001\", \"\\u5c11\\u306a\\u304f\"], {\"\\u3066\": 1}], [[\"\\u5c11\\u306a\\u304f\", \"\\u3066\"], {\"\\uff11\": 1}], [[\"\\u3066\", \"\\uff11\"], {\"\\uff10\": 1}], [[\"\\u4eba\", \"\\u3001\"], {\"\\u4e2d\": 1}], [[\"\\u3001\", \"\\u4e2d\"], {\"\\u3050\\u3089\\u3044\": 1}], [[\"\\u4e2d\", \"\\u3050\\u3089\\u3044\"], {\"\\u3067\": 1}], [[\"\\u3050\\u3089\\u3044\", \"\\u3067\"], {\"\\uff15\": 1}], [[\"\\u3067\", \"\\uff15\"], {\"\\uff10\": 1}], [[\"\\uff15\", \"\\uff10\"], {\"\\u4eba\": 1}], [[\"\\u4eba\", \"\\u3002\"], {\"\\u6d41\\u77f3\": 1}], [[\"\\u3002\", \"\\u6d41\\u77f3\"], {\"\\u306b\": 1}], [[\"\\u6d41\\u77f3\", \"\\u306b\"], {\"\\uff10\": 1}], [[\"\\u306b\", \"\\uff10\"], {\"\\u4eba\": 1}], [[\"\\u4eba\", \"\\u3063\\u3066\"], {\"\\u3053\\u3068\": 1}], [[\"\\u3063\\u3066\", \"\\u3053\\u3068\"], {\"\\u306f\": 1}], [[\"\\u3053\\u3068\", \"\\u306f\"], {\"\\u306a\\u3044\": 1}], [[\"\\u306f\", \"\\u306a\\u3044\"], {\"\\u3068\": 1, \"\\u306a\": 1}], [[\"\\u3068\", \"\\u601d\\u3046\"], {\"\\u308f\": 1}], [[\"\\u601d\\u3046\", \"\\u308f\"], {\"\\u300c\": 1}], [[\"\\u308f\", \"\\u300c\"], {\"\\u30cf\\u30de\": 1}], [[\"\\u300c\", \"\\u30cf\\u30de\"], {\"\\u30b5\\u30ad\": 1}], [[\"\\u30cf\\u30de\", \"\\u30b5\\u30ad\"], {\"\\u3055\\u3093\": 1}], [[\"\\u30b5\\u30ad\", \"\\u3055\\u3093\"], {\"\\u306b\": 1}], [[\"\\u3055\\u3093\", \"\\u306b\"], {\"\\u4f1a\\u3048\": 1, \"\\u4f1a\\u3046\": 1}], [[\"\\u306b\", \"\\u4f1a\\u3048\"], {\"\\u307e\\u3059\": 1}], [[\"\\u4f1a\\u3048\", \"\\u307e\\u3059\"], {\"\\u3088\": 1}], [[\"\\u307e\\u3059\", \"\\u3088\"], {\"\\u300d\": 1}], [[\"\\u3088\", \"\\u300d\"], {\"___END__\": 1}], [[\"___BEGIN__\", \"\\u300c\"], {\"\\u30de\\u30b8\": 1, \"\\u3067\\u306f\": 1, \"\\uff73\\uff68\\uff68\\uff68\\uff68\\uff68\\uff68\\uff68\\uff7d\": 1, \"\\u305c\\u3093\": 1}], [[\"\\u300c\", \"\\u30de\\u30b8\"], {\"\\uff1f\": 1}], [[\"\\u30de\\u30b8\", \"\\uff1f\"], {\"\\u300d\": 1}], [[\"\\uff1f\", \"\\u300d\"], {\"\\uff08\": 1}], [[\"\\u300d\", \"\\uff08\"], {\"\\u6d5c\\u5d0e\": 1}], [[\"\\uff08\", \"\\u6d5c\\u5d0e\"], {\"\\u3042\\u3086\\u307f\": 1}], [[\"\\u6d5c\\u5d0e\", \"\\u3042\\u3086\\u307f\"], {\"\\u3055\\u3093\": 1}], [[\"\\u3042\\u3086\\u307f\", \"\\u3055\\u3093\"], {\"\\u306b\": 1}], [[\"\\u306b\", \"\\u4f1a\\u3046\"], {\"\\u306e\": 1}], [[\"\\u4f1a\\u3046\", \"\\u306e\"], {\"\\u697d\\u3057\\u307f\": 1}], [[\"\\u306e\", \"\\u697d\\u3057\\u307f\"], {\"\\uff01\": 1}], [[\"\\u697d\\u3057\\u307f\", \"\\uff01\"], {\"\\uff09\": 1}], [[\"\\uff01\", \"\\uff09\"], {\"___END__\": 1}], [[\"\\u300c\", \"\\u3067\\u306f\"], {\"\\u30fb\": 1}], [[\"\\u3067\\u306f\", \"\\u30fb\"], {\"\\u30fb\": 1}], [[\"\\u30fb\", \"\\u30fb\"], {\"\\u30fb\": 2, \"\\u767b\\u5834\": 1, \"\\u3067\\u3082\": 1}], [[\"\\u30fb\", \"\\u767b\\u5834\"], {\"\\u3057\": 1}], [[\"\\u767b\\u5834\", \"\\u3057\"], {\"\\u3066\": 1}], [[\"\\u3066\", \"\\u9802\\u304d\"], {\"\\u307e\\u3057\\u3087\": 1}], [[\"\\u9802\\u304d\", \"\\u307e\\u3057\\u3087\"], {\"\\u3046\": 1}], [[\"\\u307e\\u3057\\u3087\", \"\\u3046\"], {\"\\uff01\": 1}], [[\"\\u3046\", \"\\uff01\"], {\"\\u3069\\u3046\\u305e\": 1, \"___END__\": 1}], [[\"\\uff01\", \"\\u3069\\u3046\\u305e\"], {\"\\uff01\": 1}], [[\"\\u3069\\u3046\\u305e\", \"\\uff01\"], {\"\\u300d\": 1}], [[\"\\uff01\", \"\\u300d\"], {\"___END__\": 1}], [[\"\\u300c\", \"\\uff73\\uff68\\uff68\\uff68\\uff68\\uff68\\uff68\\uff68\\uff7d\"], {\"\\uff01\": 1}], [[\"\\uff73\\uff68\\uff68\\uff68\\uff68\\uff68\\uff68\\uff68\\uff7d\", \"\\uff01\"], {\"\\u3069\\u3082\": 1}], [[\"\\uff01\", \"\\u3069\\u3082\"], {\"\\u30fc\": 1}], [[\"\\u3069\\u3082\", \"\\u30fc\"], {\"syamu\": 1}], [[\"\\u30fc\", \"syamu\"], {\"\\u3067\": 2}], [[\"syamu\", \"\\u3067\"], {\"\\u30fc\": 2}], [[\"\\u3067\", \"\\u30fc\"], {\"\\u3059\": 2}], [[\"\\u30fc\", \"\\u3059\"], {\"\\u300d\": 1, \"\\uff01\": 1}], [[\"\\u3059\", \"\\u300d\"], {\"\\u307f\\u3093\\u306a\": 1}], [[\"\\u300d\", \"\\u307f\\u3093\\u306a\"], {\"\\u304b\\u3089\": 1}], [[\"\\u307f\\u3093\\u306a\", \"\\u304b\\u3089\"], {\"\\u306e\": 3}], [[\"\\u304b\\u3089\", \"\\u306e\"], {\"\\u533f\\u540d\": 3}], [[\"\\u306e\", \"\\u533f\\u540d\"], {\"\\u8cea\\u554f\": 3}], [[\"\\u533f\\u540d\", \"\\u8cea\\u554f\"], {\"\\u3092\": 3}], [[\"\\u8cea\\u554f\", \"\\u3092\"], {\"\\u52df\\u96c6\": 3}], [[\"\\u3092\", \"\\u52df\\u96c6\"], {\"\\u4e2d\": 3}], [[\"\\u52df\\u96c6\", \"\\u4e2d\"], {\"\\uff01\": 3}], [[\"\\u4e2d\", \"\\uff01\"], {\"___END__\": 3}], [[\"___BEGIN__\", \"\\u3053\\u3093\\u306a\"], {\"\\u8cea\\u554f\": 4}], [[\"\\u3053\\u3093\\u306a\", \"\\u8cea\\u554f\"], {\"\\u306b\": 4}], [[\"\\u8cea\\u554f\", \"\\u306b\"], {\"\\u7b54\\u3048\": 4}], [[\"\\u306b\", \"\\u7b54\\u3048\"], {\"\\u3066\\u308b\": 4}], [[\"\\u7b54\\u3048\", \"\\u3066\\u308b\"], {\"\\u3088\": 4}], [[\"\\u3066\\u308b\", \"\\u3088\"], {\"___END__\": 4}], [[\"___BEGIN__\", \"\\u59b9\"], {\"\\u306b\": 1, \"\\u3067\": 1}], [[\"\\u59b9\", \"\\u306b\"], {\"\\u304a\\u5e74\\u7389\": 1}], [[\"\\u306b\", \"\\u304a\\u5e74\\u7389\"], {\"\\u3042\\u3052\": 1}], [[\"\\u304a\\u5e74\\u7389\", \"\\u3042\\u3052\"], {\"\\u305f\": 1}], [[\"\\u3042\\u3052\", \"\\u305f\"], {\"\\uff1f\": 1}], [[\"\\u305f\", \"\\uff1f\"], {\"\\u2026\": 1}], [[\"\\uff1f\", \"\\u2026\"], {\"___END__\": 8}], [[\"___BEGIN__\", \"\\u3069\\u3093\\u306a\"], {\"\\u4ed5\\u4e8b\": 1}], [[\"\\u3069\\u3093\\u306a\", \"\\u4ed5\\u4e8b\"], {\"\\u3057\": 1}], [[\"\\u4ed5\\u4e8b\", \"\\u3057\"], {\"\\u3066\\u308b\": 1}], [[\"\\u3066\\u308b\", \"\\u3093\"], {\"\\u3067\\u3059\": 1}], [[\"\\u3093\", \"\\u3067\\u3059\"], {\"\\u304b\": 1}], [[\"\\u3067\\u3059\", \"\\u304b\"], {\"\\uff1f\": 3, \"\\u3002\\u300d\": 1}], [[\"___BEGIN__\", \"syamu\"], {\"\\u3055\\u3093\": 2, \"\\u306b\": 1}], [[\"syamu\", \"\\u3055\\u3093\"], {\"\\u77e5\\u3063\": 1, \"DAM\": 1, \"\\u306e\": 1, \"\\u7a81\\u6483\": 1, \"\\u89aa\": 1, \"\\u3063\\u3066\": 1, \"\\u304c\": 1}], [[\"\\u3055\\u3093\", \"\\u77e5\\u3063\"], {\"\\u3066\": 1}], [[\"\\u77e5\\u3063\", \"\\u3066\"], {\"\\u307e\\u3059\": 2}], [[\"\\u3066\", \"\\u307e\\u3059\"], {\"\\u304b\": 2}], [[\"\\u307e\\u3059\", \"\\u304b\"], {\"\\uff1f\": 1, \"\\u2026\": 1}], [[\"\\u59b9\", \"\\u3067\"], {\"\\u629c\\u3044\": 1}], [[\"\\u3067\", \"\\u629c\\u3044\"], {\"\\u305f\": 1}], [[\"\\u629c\\u3044\", \"\\u305f\"], {\"\\u3053\\u3068\": 1}], [[\"\\u305f\", \"\\u3053\\u3068\"], {\"\\u304c\": 1}], [[\"\\u3053\\u3068\", \"\\u304c\"], {\"\\u3042\\u308b\": 1}], [[\"\\u304c\", \"\\u3042\\u308b\"], {\"\\uff1f\": 1, \"___END__\": 1}], [[\"\\u3042\\u308b\", \"\\uff1f\"], {\"\\u2026\": 1}], [[\"___BEGIN__\", \"\\u3044\\u3044\"], {\"\\u306d\": 4}], [[\"___BEGIN__\", \"\\u3053\\u306e\"], {\"\\u30b7\\u30ea\\u30fc\\u30ba\": 1}], [[\"\\u3053\\u306e\", \"\\u30b7\\u30ea\\u30fc\\u30ba\"], {\"\\u307b\\u3093\\u3068\": 1}], [[\"\\u30b7\\u30ea\\u30fc\\u30ba\", \"\\u307b\\u3093\\u3068\"], {\"\\u3059\\u304d\": 1}], [[\"\\u307b\\u3093\\u3068\", \"\\u3059\\u304d\"], {\"\\u4f55\": 1}], [[\"\\u3059\\u304d\", \"\\u4f55\"], {\"\\u56de\": 1}], [[\"\\u4f55\", \"\\u56de\"], {\"\\u3082\": 1}], [[\"\\u56de\", \"\\u3082\"], {\"\\u898b\": 1}], [[\"\\u3082\", \"\\u898b\"], {\"\\u3066\\u308b\": 1}], [[\"\\u898b\", \"\\u3066\\u308b\"], {\"\\u3042\\u3089\": 1}], [[\"\\u3066\\u308b\", \"\\u3042\\u3089\"], {\"\\u3001\": 1}], [[\"\\u3042\\u3089\", \"\\u3001\"], {\"\\u307f\\u3063\": 1}], [[\"\\u3001\", \"\\u307f\\u3063\"], {\"\\u304f\": 1}], [[\"\\u307f\\u3063\", \"\\u304f\"], {\"\\u9aea\\u306e\\u6bdb\": 1}], [[\"\\u304f\", \"\\u9aea\\u306e\\u6bdb\"], {\"\\u5207\\u3063\": 1}], [[\"\\u9aea\\u306e\\u6bdb\", \"\\u5207\\u3063\"], {\"\\u305f\": 1}], [[\"\\u5207\\u3063\", \"\\u305f\"], {\"\\u306e\": 1}], [[\"\\u305f\", \"\\u306e\"], {\"\\u3002\": 1, \"\\u304c\": 1}], [[\"\\u306e\", \"\\u3002\"], {\"\\u304b\\u308f\\u3044\\u3044\": 1}], [[\"\\u3002\", \"\\u304b\\u308f\\u3044\\u3044\"], {\"\\u306d\": 1}], [[\"\\u304b\\u308f\\u3044\\u3044\", \"\\u306d\"], {\"\\u3002\": 1}], [[\"\\u306d\", \"\\u3002\"], {\"___END__\": 1, \"\\u307e\\u305f\": 1}], [[\"___BEGIN__\", \"\\u4f55\"], {\"\\u6b73\": 2}], [[\"\\u4f55\", \"\\u6b73\"], {\"\\u3067\\u3059\": 2}], [[\"\\u6b73\", \"\\u3067\\u3059\"], {\"\\u304b\": 2}], [[\"___BEGIN__\", \"\\u30cf\\u30de\\u3063\"], {\"\\u3066\": 1}], [[\"\\u30cf\\u30de\\u3063\", \"\\u3066\"], {\"\\u3044\\u308b\": 1}], [[\"\\u3044\\u308b\", \"\\u3053\\u3068\"], {\"\\u2026\": 1}], [[\"\\u3053\\u3068\", \"\\u2026\"], {\"___END__\": 1}], [[\"___BEGIN__\", \"\\u3053\\u308c\"], {\"\\u307e\\u3067\": 1}], [[\"\\u3053\\u308c\", \"\\u307e\\u3067\"], {\"\\u306b\": 1}], [[\"\\u307e\\u3067\", \"\\u306b\"], {\"\\u89b3\": 1}], [[\"\\u306b\", \"\\u89b3\"], {\"\\u3066\": 1}], [[\"\\u89b3\", \"\\u3066\"], {\"\\u6ce3\\u3044\": 1}], [[\"\\u3066\", \"\\u6ce3\\u3044\"], {\"\\u305f\": 1}], [[\"\\u6ce3\\u3044\", \"\\u305f\"], {\"\\u4f5c\\u54c1\": 1}], [[\"\\u305f\", \"\\u4f5c\\u54c1\"], {\"\\u306f\": 1}], [[\"\\u4f5c\\u54c1\", \"\\u306f\"], {\"\\u306a\\u3093\": 1}], [[\"\\u306f\", \"\\u306a\\u3093\"], {\"\\u2026\": 1}], [[\"\\u306a\\u3093\", \"\\u2026\"], {\"___END__\": 1}], [[\"___BEGIN__\", \"\\ud83c\\uddf7\\ud83c\\uddf4\"], {\"\\u30ab\\u30e9\\u30fc\": 1}], [[\"\\ud83c\\uddf7\\ud83c\\uddf4\", \"\\u30ab\\u30e9\\u30fc\"], {\"\\u306e\": 1}], [[\"\\u30ab\\u30e9\\u30fc\", \"\\u306e\"], {\"\\u9806\": 1}], [[\"\\u306e\", \"\\u9806\"], {\"\\u306b\": 1}], [[\"\\u9806\", \"\\u306b\"], {\"\\u30aa\\u30ea\\u30b8\\u30ca\\u30eb\": 1}], [[\"\\u306b\", \"\\u30aa\\u30ea\\u30b8\\u30ca\\u30eb\"], {\"\\u30e1\\u30cb\\u30e5\\u30fc\": 1}], [[\"\\u30aa\\u30ea\\u30b8\\u30ca\\u30eb\", \"\\u30e1\\u30cb\\u30e5\\u30fc\"], {\"\\u306e\": 1}], [[\"\\u30e1\\u30cb\\u30e5\\u30fc\", \"\\u306e\"], {\"\\u6750\\u6599\": 1}], [[\"\\u306e\", \"\\u6750\\u6599\"], {\"\\u3092\": 1}], [[\"\\u6750\\u6599\", \"\\u3092\"], {\"\\u4e26\\u3079\\u308b\": 1}], [[\"\\u3092\", \"\\u4e26\\u3079\\u308b\"], {\"syamu\": 1}], [[\"\\u4e26\\u3079\\u308b\", \"syamu\"], {\"\\u3055\\u3093\": 1}], [[\"\\u3055\\u3093\", \"DAM\"], {\"\\u3055\\u3093\": 1}], [[\"DAM\", \"\\u3055\\u3093\"], {\"\\u306a\\u3093\\u3066\": 1}], [[\"\\u3055\\u3093\", \"\\u306a\\u3093\\u3066\"], {\"\\u3001\": 1}], [[\"\\u306a\\u3093\\u3066\", \"\\u3001\"], {\"\\u307b\\u3063\\u3068\\u304d\": 1}], [[\"\\u3001\", \"\\u307b\\u3063\\u3068\\u304d\"], {\"\\u307e\\u3057\\u3087\": 1}], [[\"\\u307b\\u3063\\u3068\\u304d\", \"\\u307e\\u3057\\u3087\"], {\"\\uff1f\": 1}], [[\"\\u307e\\u3057\\u3087\", \"\\uff1f\"], {\"\\uff71\\uff6f\\uff71\\uff6f\\uff71\\uff6f\\uff71\\uff6f\\uff71\\uff6f\": 1}], [[\"\\uff1f\", \"\\uff71\\uff6f\\uff71\\uff6f\\uff71\\uff6f\\uff71\\uff6f\\uff71\\uff6f\"], {\"syamu\": 1}], [[\"\\uff71\\uff6f\\uff71\\uff6f\\uff71\\uff6f\\uff71\\uff6f\\uff71\\uff6f\", \"syamu\"], {\"\\u3055\\u3093\": 1}], [[\"\\u3055\\u3093\", \"\\u306e\"], {\"\\u8cea\\u554f\": 1}], [[\"\\u306e\", \"\\u8cea\\u554f\"], {\"\\u30b3\\u30fc\\u30ca\\u30fc\": 1}], [[\"\\u8cea\\u554f\", \"\\u30b3\\u30fc\\u30ca\\u30fc\"], {\"\\u306b\": 1}], [[\"\\u30b3\\u30fc\\u30ca\\u30fc\", \"\\u306b\"], {\"\\u5bc4\\u305b\": 1}], [[\"\\u306b\", \"\\u5bc4\\u305b\"], {\"\\u3089\\u308c\": 1}], [[\"\\u5bc4\\u305b\", \"\\u3089\\u308c\"], {\"\\u305f\": 1}], [[\"\\u3089\\u308c\", \"\\u305f\"], {\"\\u8cea\\u554f\": 1}], [[\"\\u305f\", \"\\u8cea\\u554f\"], {\"\\u305f\\u3061\": 1}], [[\"\\u8cea\\u554f\", \"\\u305f\\u3061\"], {\"\\u3061\\u3087\\u3044\": 1}], [[\"\\u305f\\u3061\", \"\\u3061\\u3087\\u3044\"], {\"\\u60aa\": 1}], [[\"\\u3061\\u3087\\u3044\", \"\\u60aa\"], {\"syamu\": 1}], [[\"\\u60aa\", \"syamu\"], {\"\\u3055\\u3093\": 1}], [[\"\\u3055\\u3093\", \"\\u7a81\\u6483\"], {\"\\u30a4\\u30f3\\u30bf\\u30d3\\u30e5\\u30fc\": 1}], [[\"\\u7a81\\u6483\", \"\\u30a4\\u30f3\\u30bf\\u30d3\\u30e5\\u30fc\"], {\"\\u3092\": 1}], [[\"\\u30a4\\u30f3\\u30bf\\u30d3\\u30e5\\u30fc\", \"\\u3092\"], {\"\\u53d7\\u3051\": 1}], [[\"\\u3092\", \"\\u53d7\\u3051\"], {\"\\u3066\": 1}], [[\"\\u53d7\\u3051\", \"\\u3066\"], {\"\\u3044\\u308b\": 1}], [[\"\\u3044\\u308b\", \"\\u3088\\u3046\"], {\"\\u306b\": 1}], [[\"\\u306b\", \"\\u898b\\u3048\\u308b\"], {\"syamu\": 1}], [[\"\\u898b\\u3048\\u308b\", \"syamu\"], {\"\\u3055\\u3093\": 1}], [[\"\\u3055\\u3093\", \"\\u89aa\"], {\"\\u306e\": 1}], [[\"\\u89aa\", \"\\u306e\"], {\"\\u8eca\": 1}], [[\"\\u306e\", \"\\u8eca\"], {\"\\u306e\": 1}], [[\"\\u8eca\", \"\\u306e\"], {\"\\u904b\\u8ee2\": 1}], [[\"\\u306e\", \"\\u904b\\u8ee2\"], {\"\\u5e2d\": 1}], [[\"\\u904b\\u8ee2\", \"\\u5e2d\"], {\"\\u3067\": 1}], [[\"\\u5e2d\", \"\\u3067\"], {\"\\u306f\\u3057\\u3083\\u3050\": 1}], [[\"\\u3067\", \"\\u306f\\u3057\\u3083\\u3050\"], {\"\\u4e2d\\u5b66\\u751f\": 1}], [[\"\\u306f\\u3057\\u3083\\u3050\", \"\\u4e2d\\u5b66\\u751f\"], {\"___END__\": 1}], [[\"#\", \"youtube\\uff52LIVE\"], {\"#\": 1}], [[\"youtube\\uff52LIVE\", \"#\"], {\"syamu\": 1}], [[\"game\", \"\\u3044\\u3044\"], {\"\\u306d\": 1}], [[\"___BEGIN__\", \"\\u672c\\u65e5\"], {\"\\u304b\\u3089\": 1}], [[\"\\u672c\\u65e5\", \"\\u304b\\u3089\"], {\"#\": 1}], [[\"\\u304b\\u3089\", \"#\"], {\"\\u8131\\u7344\": 1}], [[\"#\", \"\\u8131\\u7344\"], {\"\\u3054\\u3063\\u3053\": 1}], [[\"\\u8131\\u7344\", \"\\u3054\\u3063\\u3053\"], {\"\\u00d7\": 1}], [[\"\\u3054\\u3063\\u3053\", \"\\u00d7\"], {\"#\": 1}], [[\"\\u00d7\", \"#\"], {\"\\u9752\": 1}], [[\"#\", \"\\u9752\"], {\"\\u9b3c\": 1}], [[\"\\u9752\", \"\\u9b3c\"], {\"\\u30aa\\u30f3\\u30e9\\u30a4\\u30f3\": 2}], [[\"\\u9b3c\", \"\\u30aa\\u30f3\\u30e9\\u30a4\\u30f3\"], {\"\\u30b3\\u30e9\\u30dc\": 1, \"\\u306b\": 1}], [[\"\\u30aa\\u30f3\\u30e9\\u30a4\\u30f3\", \"\\u30b3\\u30e9\\u30dc\"], {\"\\u304c\": 1}], [[\"\\u30b3\\u30e9\\u30dc\", \"\\u304c\"], {\"\\u958b\\u59cb\": 1}], [[\"\\u304c\", \"\\u958b\\u59cb\"], {\"\\uff01\": 1}], [[\"\\u958b\\u59cb\", \"\\uff01\"], {\"\\ud83c\\udf89\": 1}], [[\"\\uff01\", \"\\ud83c\\udf89\"], {\"___END__\": 1}], [[\"\\u300c\", \"\\u305c\\u3093\"], {\"\\u3044\\u3061\": 1}], [[\"\\u305c\\u3093\", \"\\u3044\\u3061\"], {\"\\u300d\": 1}], [[\"\\u3044\\u3061\", \"\\u300d\"], {\"\\u300c\": 1}], [[\"\\u300d\", \"\\u300c\"], {\"\\u30de\\u30a4\\u30c3\\u30ad\\u30fc\": 1, \"\\u30ad\\u30e3\\u30ea\\u30fc\": 1}], [[\"\\u300c\", \"\\u30de\\u30a4\\u30c3\\u30ad\\u30fc\"], {\"\\u300d\": 1}], [[\"\\u30de\\u30a4\\u30c3\\u30ad\\u30fc\", \"\\u300d\"], {\"\\u300c\": 1}], [[\"\\u300c\", \"\\u30ad\\u30e3\\u30ea\\u30fc\"], {\"\\u3061\\u3083\\u3093\": 1}], [[\"\\u30ad\\u30e3\\u30ea\\u30fc\", \"\\u3061\\u3083\\u3093\"], {\"\\u300d\": 1}], [[\"\\u3061\\u3083\\u3093\", \"\\u300d\"], {\"\\u304c\": 1}], [[\"\\u300d\", \"\\u304c\"], {\"\\u9752\": 1}], [[\"\\u304c\", \"\\u9752\"], {\"\\u9b3c\": 1}], [[\"\\u30aa\\u30f3\\u30e9\\u30a4\\u30f3\", \"\\u306b\"], {\"\\u767b\\u5834\": 1}], [[\"\\u306b\", \"\\u767b\\u5834\"], {\"\\uff01\": 1}], [[\"\\u767b\\u5834\", \"\\uff01\"], {\"\\uff01\": 1}], [[\"___BEGIN__\", \"\\u7279\\u5225\"], {\"\\u306a\": 1}], [[\"\\u7279\\u5225\", \"\\u306a\"], {\"\\u30c1\\u30e3\\u30ec\\u30f3\\u30b8\": 1}], [[\"\\u306a\", \"\\u30c1\\u30e3\\u30ec\\u30f3\\u30b8\"], {\"\\u3092\": 1}], [[\"\\u30c1\\u30e3\\u30ec\\u30f3\\u30b8\", \"\\u3092\"], {\"\\u30af\\u30ea\\u30a2\": 1}], [[\"\\u3092\", \"\\u30af\\u30ea\\u30a2\"], {\"\\u3057\\u3088\": 1}], [[\"\\u30af\\u30ea\\u30a2\", \"\\u3057\\u3088\"], {\"\\u3046\": 1}], [[\"\\u3057\\u3088\", \"\\u3046\"], {\"\\uff01\": 1}], [[\"___BEGIN__\", \"\\u307e\\u305f\"], {\"\\u3001\": 1}], [[\"\\u307e\\u305f\", \"\\u3001\"], {\"\\u65b0\\u305f\": 1}], [[\"\\u3001\", \"\\u65b0\\u305f\"], {\"\\u306b\": 1}], [[\"\\u65b0\\u305f\", \"\\u306b\"], {\"HIKA\": 1}], [[\"\\u306b\", \"HIKA\"], {\"\\u2026\": 1}], [[\"HIKA\", \"\\u2026\"], {\"\\u6b8b\\u5ff5\": 1}], [[\"\\u2026\", \"\\u6b8b\\u5ff5\"], {\"\\u306a\\u304c\\u3089\": 1}], [[\"\\u6b8b\\u5ff5\", \"\\u306a\\u304c\\u3089\"], {\"\\u79c1\": 1}], [[\"\\u306a\\u304c\\u3089\", \"\\u79c1\"], {\"\\u306f\": 1}], [[\"\\u79c1\", \"\\u306f\"], {\"\\u30a4\\u30b1\\u30e1\\u30f3\": 1}], [[\"\\u306f\", \"\\u30a4\\u30b1\\u30e1\\u30f3\"], {\"\\u3067\": 1}], [[\"\\u30a4\\u30b1\\u30e1\\u30f3\", \"\\u3067\"], {\"\\u306f\": 1}], [[\"\\u306f\", \"\\u3054\\u3056\\u3044\"], {\"\\u307e\\u305b\": 1}], [[\"\\u3054\\u3056\\u3044\", \"\\u307e\\u305b\"], {\"\\u3093\": 1}], [[\"\\u307e\\u305b\", \"\\u3093\"], {\"\\u3002\": 1}], [[\"\\u3093\", \"\\u3002\"], {\"\\u3067\\u3059\": 1, \"\\u9752\\u68ee\": 1}], [[\"\\u3002\", \"\\u3067\\u3059\"], {\"\\u304c\": 1}], [[\"\\u3067\\u3059\", \"\\u304c\"], {\"\\u3001\": 1}], [[\"\\u304c\", \"\\u3001\"], {\"\\u3053\\u3053\\u308d\": 1, \"syamu\": 1}], [[\"\\u3001\", \"\\u3053\\u3053\\u308d\"], {\"\\u306f\": 1}], [[\"\\u3053\\u3053\\u308d\", \"\\u306f\"], {\"\\u7f8e\\u5c11\\u5973\": 1}], [[\"\\u306f\", \"\\u7f8e\\u5c11\\u5973\"], {\"\\u3067\": 1}], [[\"\\u7f8e\\u5c11\\u5973\", \"\\u3067\"], {\"\\u3054\\u3056\\u3044\": 1}], [[\"\\u3067\", \"\\u3054\\u3056\\u3044\"], {\"\\u307e\\u3059\": 1}], [[\"\\u3054\\u3056\\u3044\", \"\\u307e\\u3059\"], {\"\\u3002\": 1, \"\\uff01\": 1}], [[\"___BEGIN__\", \"\\u7dba\\u9e97\"], {\"\\u306a\": 1}], [[\"\\u7dba\\u9e97\", \"\\u306a\"], {\"\\u82b1\": 1}], [[\"\\u306a\", \"\\u82b1\"], {\"\\u306b\": 1}], [[\"\\u82b1\", \"\\u306b\"], {\"\\u306f\": 1}], [[\"\\u306f\", \"\\u6bd2\"], {\"\\u304c\": 1}], [[\"\\u6bd2\", \"\\u304c\"], {\"\\u3042\\u308b\": 1}], [[\"___BEGIN__\", \"\\u3067\\u3082\"], {\"\\u305d\\u308c\": 1}], [[\"\\u3067\\u3082\", \"\\u305d\\u308c\"], {\"\\u3059\\u3089\": 1}], [[\"\\u305d\\u308c\", \"\\u3059\\u3089\"], {\"\\u3082\": 1}], [[\"\\u3059\\u3089\", \"\\u3082\"], {\"\\u3001\": 1}], [[\"\\u3082\", \"\\u3001\"], {\"\\u9b45\\u529b\": 1}], [[\"\\u3001\", \"\\u9b45\\u529b\"], {\"\\u306e\": 1}], [[\"\\u9b45\\u529b\", \"\\u306e\"], {\"\\u4e00\\u3064\": 1}], [[\"\\u306e\", \"\\u4e00\\u3064\"], {\"\\u3067\\u3057\\u3087\": 1}], [[\"\\u4e00\\u3064\", \"\\u3067\\u3057\\u3087\"], {\"\\u3046\": 1}], [[\"\\u3046\", \"\\uff1f\"], {\"\\u5712\": 1}], [[\"\\uff1f\", \"\\u5712\"], {\"\\u5d0e\": 1}], [[\"\\u5712\", \"\\u5d0e\"], {\"\\u672a\": 1}], [[\"\\u5d0e\", \"\\u672a\"], {\"\\u6075\": 1}], [[\"\\u672a\", \"\\u6075\"], {\"\\u3055\\u3093\": 1}], [[\"\\u6075\", \"\\u3055\\u3093\"], {\"\\u3084\\u3063\\u3071\": 1}], [[\"\\u3055\\u3093\", \"\\u3084\\u3063\\u3071\"], {\"\\u3081\\u3061\\u3083\\u304f\\u3061\\u3083\": 1}], [[\"\\u3084\\u3063\\u3071\", \"\\u3081\\u3061\\u3083\\u304f\\u3061\\u3083\"], {\"\\u58f0\": 1}], [[\"\\u3081\\u3061\\u3083\\u304f\\u3061\\u3083\", \"\\u58f0\"], {\"\\u304c\": 1}], [[\"\\u58f0\", \"\\u304c\"], {\"\\u826f\\u3044\": 1}], [[\"\\u304c\", \"\\u826f\\u3044\"], {\"\\u3070\": 1}], [[\"\\u826f\\u3044\", \"\\u3070\"], {\"\\u304b\\u3082\": 1}], [[\"\\u3070\", \"\\u304b\\u3082\"], {\"\\u306e\": 1}], [[\"\\u304b\\u3082\", \"\\u306e\"], {\"\\u30d5\\u30ec\\u30f3\\u30ba\": 1}], [[\"\\u306e\", \"\\u30d5\\u30ec\\u30f3\\u30ba\"], {\"\\u307f\\u3093\\u306a\": 1}], [[\"\\u30d5\\u30ec\\u30f3\\u30ba\", \"\\u307f\\u3093\\u306a\"], {\"\\u304b\\u3089\": 1}], [[\"___BEGIN__\", \"\\u6700\\u65b0\"], {\"\\u306e\": 1}], [[\"\\u6700\\u65b0\", \"\\u306e\"], {\"\\u304a\\u304b\\u305a\": 1}], [[\"\\u306e\", \"\\u304a\\u304b\\u305a\"], {\"\\u306f\": 1}], [[\"\\u304a\\u304b\\u305a\", \"\\u306f\"], {\"\\uff1f\": 1}], [[\"\\u306f\", \"\\uff1f\"], {\"\\u2026\": 1}], [[\"___BEGIN__\", \"\\u597d\\u304d\"], {\"\\u3067\\u3059\": 1}], [[\"\\u597d\\u304d\", \"\\u3067\\u3059\"], {\"\\u4ed8\\u304d\\u5408\\u3063\": 1}], [[\"\\u3067\\u3059\", \"\\u4ed8\\u304d\\u5408\\u3063\"], {\"\\u3066\": 1}], [[\"\\u4ed8\\u304d\\u5408\\u3063\", \"\\u3066\"], {\"\\u304f\\u3060\\u3055\\u3044\": 1}], [[\"\\u304f\\u3060\\u3055\\u3044\", \"\\u2026\"], {\"___END__\": 1}], [[\"___BEGIN__\", \"\\u8328\\u57ce\"], {\"\\u306e\": 1}], [[\"\\u8328\\u57ce\", \"\\u306e\"], {\"\\u5973\": 1}], [[\"\\u306e\", \"\\u5973\"], {\"\\u3068\": 1}], [[\"\\u5973\", \"\\u3068\"], {\"\\u8a71\\u3057\": 1}], [[\"\\u3068\", \"\\u8a71\\u3057\"], {\"\\u3066\": 1}], [[\"\\u8a71\\u3057\", \"\\u3066\"], {\"\\u306a\\u3044\": 1}], [[\"\\u3066\", \"\\u306a\\u3044\"], {\"\\u306e\": 1}], [[\"\\u306a\\u3044\", \"\\u306e\"], {\"\\uff1f\": 1, \"\\u304b\": 1}], [[\"\\u306e\", \"\\uff1f\"], {\"\\u2026\": 1}], [[\"\\u3055\\u3093\", \"\\u3063\\u3066\"], {\"\\u77e5\\u3063\": 1}], [[\"\\u3063\\u3066\", \"\\u77e5\\u3063\"], {\"\\u3066\": 1}], [[\"\\u304b\", \"\\u2026\"], {\"___END__\": 1}], [[\"___BEGIN__\", \"\\u30c7\\u30a3\\u30a2\\u30f3\\u30b5\"], {\"\\u52a0\\u5165\": 1}], [[\"\\u30c7\\u30a3\\u30a2\\u30f3\\u30b5\", \"\\u52a0\\u5165\"], {\"\\u3092\": 1}], [[\"\\u52a0\\u5165\", \"\\u3092\"], {\"\\u963b\\u6b62\": 1}], [[\"\\u3092\", \"\\u963b\\u6b62\"], {\"\\u3057\": 1}], [[\"\\u963b\\u6b62\", \"\\u3057\"], {\"\\u6b63\": 1}], [[\"\\u3057\", \"\\u6b63\"], {\"\\u30d2\\u30ed\\u30a4\\u30f3\": 1}], [[\"\\u6b63\", \"\\u30d2\\u30ed\\u30a4\\u30f3\"], {\"\\u306e\": 1}], [[\"\\u30d2\\u30ed\\u30a4\\u30f3\", \"\\u306e\"], {\"\\u5ea7\": 1}], [[\"\\u306e\", \"\\u5ea7\"], {\"\\u3092\": 1}], [[\"\\u5ea7\", \"\\u3092\"], {\"\\u6b7b\\u5b88\": 1}], [[\"\\u3092\", \"\\u6b7b\\u5b88\"], {\"\\u3059\\u308b\": 1}], [[\"\\u6b7b\\u5b88\", \"\\u3059\\u308b\"], {\"\\u30af\\u30e9\": 1}], [[\"\\u3059\\u308b\", \"\\u30af\\u30e9\"], {\"\\u30ea\\u30b9\": 1}], [[\"\\u30af\\u30e9\", \"\\u30ea\\u30b9\"], {\"\\uff73\\uff68\": 1}], [[\"\\u30ea\\u30b9\", \"\\uff73\\uff68\"], {\"\\uff68\\uff68\": 1}], [[\"\\uff73\\uff68\", \"\\uff68\\uff68\"], {\"\\uff68\\uff68\": 1}], [[\"\\uff68\\uff68\", \"\\uff68\\uff68\"], {\"\\uff68\\uff68\": 8, \"\\uff70\\uff70\": 1}], [[\"\\uff68\\uff68\", \"\\uff70\\uff70\"], {\"\\uff70\\uff70\": 1}], [[\"\\uff70\\uff70\", \"\\uff70\\uff70\"], {\"\\uff70\\uff70\": 21, \"\\uff7d\\uff73\\uff69\\uff69\\uff69\\uff69\\uff69\\uff69\\uff69\\uff69\\uff69\\uff69\\uff69\\uff69\\uff69\\uff69\\uff69\\uff69\\uff69\\uff69\\uff69\\uff69\\uff69\\uff69\\uff69\": 1}], [[\"\\uff70\\uff70\", \"\\uff7d\\uff73\\uff69\\uff69\\uff69\\uff69\\uff69\\uff69\\uff69\\uff69\\uff69\\uff69\\uff69\\uff69\\uff69\\uff69\\uff69\\uff69\\uff69\\uff69\\uff69\\uff69\\uff69\\uff69\\uff69\"], {\"!!!!!!!!!!\": 1}], [[\"\\uff7d\\uff73\\uff69\\uff69\\uff69\\uff69\\uff69\\uff69\\uff69\\uff69\\uff69\\uff69\\uff69\\uff69\\uff69\\uff69\\uff69\\uff69\\uff69\\uff69\\uff69\\uff69\\uff69\\uff69\\uff69\", \"!!!!!!!!!!\"], {\"___END__\": 1}], [[\"___BEGIN__\", \"\\u3069\\u30fc\\u3082\"], {\"\\u30fc\": 1}], [[\"\\u3069\\u30fc\\u3082\", \"\\u30fc\"], {\"syamu\": 1}], [[\"\\u3059\", \"\\uff01\"], {\"\\uff01\": 1}], [[\"\\uff01\", \"\\u2026\"], {\"\\u7121\\u7406\": 1}], [[\"\\u2026\", \"\\u7121\\u7406\"], {\"\\u306f\": 1}], [[\"\\u7121\\u7406\", \"\\u306f\"], {\"\\u3057\": 1}], [[\"\\u306f\", \"\\u3057\"], {\"\\u306a\\u3044\": 1}], [[\"\\u306a\\u3044\", \"\\u3088\\u3046\"], {\"\\u306b\": 2}], [[\"\\u3059\\u308b\", \"\\u3088\"], {\"\\u3002\": 1}], [[\"\\u3088\", \"\\u3002\"], {\"\\u6700\\u8fd1\": 1}], [[\"\\u3002\", \"\\u6700\\u8fd1\"], {\"\\u9762\\u767d\\u3044\": 1}], [[\"\\u6700\\u8fd1\", \"\\u9762\\u767d\\u3044\"], {\"\\u8a71\": 1}], [[\"\\u9762\\u767d\\u3044\", \"\\u8a71\"], {\"\\u3063\\u3066\": 1}], [[\"\\u8a71\", \"\\u3063\\u3066\"], {\"\\u3069\\u3046\": 1}], [[\"\\u3063\\u3066\", \"\\u3069\\u3046\"], {\"\\u4f5c\\u308b\": 1}], [[\"\\u3069\\u3046\", \"\\u4f5c\\u308b\"], {\"\\u3093\": 1}], [[\"\\u4f5c\\u308b\", \"\\u3093\"], {\"\\u3060\\u308d\": 1}], [[\"\\u3093\", \"\\u3060\\u308d\"], {\"\\u3046\": 1}], [[\"\\u3060\\u308d\", \"\\u3046\"], {\"\\u3063\\u3066\": 1}], [[\"\\u3046\", \"\\u3063\\u3066\"], {\"\\u601d\\u3063\": 1}], [[\"\\u3063\\u3066\", \"\\u601d\\u3063\"], {\"\\u3066\\u308b\": 1}], [[\"\\u601d\\u3063\", \"\\u3066\\u308b\"], {\"\\u306e\\u3067\": 1}], [[\"\\u3066\\u308b\", \"\\u306e\\u3067\"], {\"\\u8a66\\u884c\": 1}], [[\"\\u306e\\u3067\", \"\\u8a66\\u884c\"], {\"\\u932f\\u8aa4\": 1}], [[\"\\u8a66\\u884c\", \"\\u932f\\u8aa4\"], {\"\\u3057\": 1}], [[\"\\u932f\\u8aa4\", \"\\u3057\"], {\"\\u3066\\u308b\": 1}], [[\"\\u3066\\u308b\", \"\\u3002\"], {\"\\u30b7\\u30e3\\u30e0\": 1}], [[\"\\u3002\", \"\\u30b7\\u30e3\\u30e0\"], {\"\\u30b7\\u30fc\\u30eb\": 1}], [[\"\\u30b7\\u30e3\\u30e0\", \"\\u30b7\\u30fc\\u30eb\"], {\"\\u306e\": 1}], [[\"\\u30b7\\u30fc\\u30eb\", \"\\u306e\"], {\"\\u821e\\u3063\": 1}], [[\"\\u306e\", \"\\u821e\\u3063\"], {\"\\u3066\": 1}], [[\"\\u821e\\u3063\", \"\\u3066\"], {\"\\u805e\\u3044\": 1}], [[\"\\u3066\", \"\\u805e\\u3044\"], {\"\\u3066\": 1}], [[\"\\u805e\\u3044\", \"\\u3066\"], {\"\\u6700\\u521d\": 1}], [[\"\\u3066\", \"\\u6700\\u521d\"], {\"\\u306b\": 1}], [[\"\\u6700\\u521d\", \"\\u306b\"], {\"\\u601d\\u3044\\u3064\\u3044\": 1}], [[\"\\u306b\", \"\\u601d\\u3044\\u3064\\u3044\"], {\"\\u305f\": 1}], [[\"\\u601d\\u3044\\u3064\\u3044\", \"\\u305f\"], {\"\\u306e\": 1}], [[\"\\u306e\", \"\\u304c\"], {\"\\u3001\": 1}], [[\"\\u3001\", \"syamu\"], {\"\\u3055\\u3093\": 1}], [[\"\\u3055\\u3093\", \"\\u304c\"], {\"\\u30aa\\u30d5\": 1}], [[\"\\u304c\", \"\\u30aa\\u30d5\"], {\"\\u4f1a\": 1}], [[\"\\u30aa\\u30d5\", \"\\u4f1a\"], {\"\\u3067\": 1}], [[\"\\u4f1a\", \"\\u3067\"], {\"\\u30d7\\u30ec\\u30bc\\u30f3\\u30c8\": 1}], [[\"\\u3067\", \"\\u30d7\\u30ec\\u30bc\\u30f3\\u30c8\"], {\"\\u4e88\\u5b9a\": 1}], [[\"\\u30d7\\u30ec\\u30bc\\u30f3\\u30c8\", \"\\u4e88\\u5b9a\"], {\"\\u306b\": 1}], [[\"\\u4e88\\u5b9a\", \"\\u306b\"], {\"\\u3057\": 1}], [[\"\\u3066\", \"\\u305f\"], {\"\\u5996\\u602a\": 1}], [[\"\\u305f\", \"\\u5996\\u602a\"], {\"\\u30a6\\u30a9\\u30c3\\u30c1\": 1}], [[\"\\u5996\\u602a\", \"\\u30a6\\u30a9\\u30c3\\u30c1\"], {\"\\u3068\": 1}], [[\"\\u30a6\\u30a9\\u30c3\\u30c1\", \"\\u3068\"], {\"\\u30dd\\u30b1\\u30e2\\u30f3\\u30d1\\u30f3\": 1}], [[\"\\u3068\", \"\\u30dd\\u30b1\\u30e2\\u30f3\\u30d1\\u30f3\"], {\"\\u306e\": 1}], [[\"\\u30dd\\u30b1\\u30e2\\u30f3\\u30d1\\u30f3\", \"\\u306e\"], {\"\\u30b7\\u30fc\\u30eb\": 1}], [[\"\\u30b7\\u30fc\\u30eb\", \"\\u3067\\u3057\"], {\"\\u305f\": 1}], [[\"\\u3067\\u3057\", \"\\u305f\"], {\"w\": 1}], [[\"\\u305f\", \"w\"], {\"Syamu\": 1}], [[\"w\", \"Syamu\"], {\"\\u3084\\u3093\": 1}], [[\"Syamu\", \"\\u3084\\u3093\"], {\"\\u3051\": 1}], [[\"\\u3084\\u3093\", \"\\u3051\"], {\"\\uff01\": 1}], [[\"\\u3051\", \"\\uff01\"], {\"\\uff01\": 1}], [[\"\\uff01\", \"\\u300c\"], {\"\\u3058\\u3083\\u3042\": 1}], [[\"\\u300c\", \"\\u3058\\u3083\\u3042\"], {\"\\u79c1\": 1}], [[\"\\u3058\\u3083\\u3042\", \"\\u79c1\"], {\"\\u306e\": 1}], [[\"\\u306e\", \"\\u3053\\u3068\"], {\"\\u5927\\u597d\\u304d\": 1}], [[\"\\u3053\\u3068\", \"\\u5927\\u597d\\u304d\"], {\"\\u3058\\u3083\": 1}], [[\"\\u5927\\u597d\\u304d\", \"\\u3058\\u3083\"], {\"\\u306a\\u3044\": 1}], [[\"\\u3058\\u3083\", \"\\u306a\\u3044\"], {\"\\u3067\\u3059\": 1}], [[\"\\u306a\\u3044\", \"\\u3067\\u3059\"], {\"\\u304b\": 1}], [[\"\\u304b\", \"\\u3002\\u300d\"], {\"___END__\": 1}], [[\"___BEGIN__\", \"\\u308f\\u3056\\u308f\\u3056\"], {\"\\u30ad\\u30fc\\u30d7\": 1}], [[\"\\u308f\\u3056\\u308f\\u3056\", \"\\u30ad\\u30fc\\u30d7\"], {\"\\u89e3\\u9664\": 1}], [[\"\\u30ad\\u30fc\\u30d7\", \"\\u89e3\\u9664\"], {\"\\u307e\\u3067\": 1}], [[\"\\u89e3\\u9664\", \"\\u307e\\u3067\"], {\"\\u3057\": 1}], [[\"\\u307e\\u3067\", \"\\u3057\"], {\"\\u3066\": 1}], [[\"\\u3066\", \"\\u8b72\\u3063\"], {\"\\u3066\": 1}], [[\"\\u8b72\\u3063\", \"\\u3066\"], {\"\\u304f\\u3060\\u3055\\u3063\": 1}], [[\"\\u3066\", \"\\u304f\\u3060\\u3055\\u3063\"], {\"\\u3066\": 1}], [[\"\\u304f\\u3060\\u3055\\u3063\", \"\\u3066\"], {\"\\u307b\\u3093\\u3068\\u306b\": 1}], [[\"\\u3066\", \"\\u307b\\u3093\\u3068\\u306b\"], {\"\\u3042\\u308a\\u304c\\u3068\\u3046\": 1}], [[\"\\u307b\\u3093\\u3068\\u306b\", \"\\u3042\\u308a\\u304c\\u3068\\u3046\"], {\"\\u3054\\u3056\\u3044\": 1}], [[\"\\u3042\\u308a\\u304c\\u3068\\u3046\", \"\\u3054\\u3056\\u3044\"], {\"\\u307e\\u3057\": 1, \"\\u307e\\u3059\": 1}], [[\"\\u3054\\u3056\\u3044\", \"\\u307e\\u3057\"], {\"\\u305f\": 1}], [[\"\\u305f\", \"\\u2026\"], {\"\\u6c17\": 1}], [[\"\\u2026\", \"\\u6c17\"], {\"\\u3092\": 1}], [[\"\\u6c17\", \"\\u3092\"], {\"\\u9063\\u308f\": 1}], [[\"\\u3092\", \"\\u9063\\u308f\"], {\"\\u305b\": 1}], [[\"\\u9063\\u308f\", \"\\u305b\"], {\"\\u3066\": 1}], [[\"\\u305b\", \"\\u3066\"], {\"\\u3057\\u307e\\u3063\": 1, \"\\u3044\\u305f\\u3060\\u304d\": 1}], [[\"\\u3066\", \"\\u3057\\u307e\\u3063\"], {\"\\u3066\": 1}], [[\"\\u3057\\u307e\\u3063\", \"\\u3066\"], {\"\\u7533\\u3057\\u8a33\": 1}], [[\"\\u3066\", \"\\u7533\\u3057\\u8a33\"], {\"\\u306a\\u304b\\u3063\": 1}], [[\"\\u7533\\u3057\\u8a33\", \"\\u306a\\u304b\\u3063\"], {\"\\u305f\": 1}], [[\"\\u306a\\u304b\\u3063\", \"\\u305f\"], {\"\\u3067\\u3059\": 1}], [[\"\\u305f\", \"\\u3067\\u3059\"], {\"\\ud83d\\udca6\": 1}], [[\"\\u3067\\u3059\", \"\\ud83d\\udca6\"], {\"\\u304a\": 1}], [[\"\\ud83d\\udca6\", \"\\u304a\"], {\"\\u8fd4\\u4e8b\": 1}], [[\"\\u304a\", \"\\u8fd4\\u4e8b\"], {\"\\u3001\": 1}], [[\"\\u8fd4\\u4e8b\", \"\\u3001\"], {\"\\u30d5\\u30a9\\u30ed\\u30fc\": 1}], [[\"\\u3001\", \"\\u30d5\\u30a9\\u30ed\\u30fc\"], {\"\\u3042\\u308a\\u304c\\u3068\\u3046\": 1}], [[\"\\u30d5\\u30a9\\u30ed\\u30fc\", \"\\u3042\\u308a\\u304c\\u3068\\u3046\"], {\"\\u3054\\u3056\\u3044\": 1}], [[\"\\u307e\\u3059\", \"\\uff01\"], {\"___END__\": 1, \"\\u304b\\u3064\\u3066\": 1}], [[\"___BEGIN__\", \"\\u5f53\\u65b9\"], {\"\\u3082\": 1}], [[\"\\u5f53\\u65b9\", \"\\u3082\"], {\"\\u30d5\\u30a9\\u30ed\\u30fc\": 1}], [[\"\\u3082\", \"\\u30d5\\u30a9\\u30ed\\u30fc\"], {\"\\u3055\": 1}], [[\"\\u30d5\\u30a9\\u30ed\\u30fc\", \"\\u3055\"], {\"\\u305b\": 1}], [[\"\\u3055\", \"\\u305b\"], {\"\\u3066\": 1}], [[\"\\u3066\", \"\\u3044\\u305f\\u3060\\u304d\"], {\"\\u307e\\u3059\": 1}], [[\"\\u3044\\u305f\\u3060\\u304d\", \"\\u307e\\u3059\"], {\"\\u3002\": 1}], [[\"\\u3002\", \"\\u9577\\u671f\"], {\"\\u3068\": 1}], [[\"\\u9577\\u671f\", \"\\u3068\"], {\"\\u306a\\u308a\": 1}], [[\"\\u3068\", \"\\u306a\\u308a\"], {\"\\u307e\\u3059\": 1}], [[\"\\u306a\\u308a\", \"\\u307e\\u3059\"], {\"\\u304c\": 1}], [[\"\\u307e\\u3059\", \"\\u304c\"], {\"\\u3088\\u308d\\u3057\\u304f\": 1}], [[\"\\u304c\", \"\\u3088\\u308d\\u3057\\u304f\"], {\"\\u304a\\u9858\\u3044\": 1}], [[\"\\u3088\\u308d\\u3057\\u304f\", \"\\u304a\\u9858\\u3044\"], {\"\\u81f4\\u3057\": 1}], [[\"\\u304a\\u9858\\u3044\", \"\\u81f4\\u3057\"], {\"\\u307e\\u3059\": 2}], [[\"\\u81f4\\u3057\", \"\\u307e\\u3059\"], {\"\\uff01\": 1, \"\\ud83d\\ude47\": 1}], [[\"\\uff01\", \"\\u304b\\u3064\\u3066\"], {\"syamu\": 1}], [[\"\\u304b\\u3064\\u3066\", \"syamu\"], {\"\\u3060\\u3063\": 1}], [[\"syamu\", \"\\u3060\\u3063\"], {\"\\u305f\": 1}], [[\"\\u3060\\u3063\", \"\\u305f\"], {\"\\u4f55\": 1, \"\\u304b\\u3089\": 1}], [[\"\\u305f\", \"\\u4f55\"], {\"\\u304b\": 1}], [[\"\\u4f55\", \"\\u304b\"], {\"\\u30b7\\u30e7\\u30fc\\u30c8\\u30ab\\u30c3\\u30c8\": 1}], [[\"\\u304b\", \"\\u30b7\\u30e7\\u30fc\\u30c8\\u30ab\\u30c3\\u30c8\"], {\"\\u99c6\\u4f7f\": 1}], [[\"\\u30b7\\u30e7\\u30fc\\u30c8\\u30ab\\u30c3\\u30c8\", \"\\u99c6\\u4f7f\"], {\"\\u30cb\\u30ad\": 1}], [[\"\\u99c6\\u4f7f\", \"\\u30cb\\u30ad\"], {\"\\u3059\\u3053\": 1}], [[\"\\u30cb\\u30ad\", \"\\u3059\\u3053\"], {\"\\u7121\\u7406\": 1}], [[\"\\u3059\\u3053\", \"\\u7121\\u7406\"], {\"\\u306e\": 1}], [[\"\\u7121\\u7406\", \"\\u306e\"], {\"\\u306a\\u3044\": 1}], [[\"\\u306e\", \"\\u306a\\u3044\"], {\"\\u3088\\u3046\": 1}], [[\"\\u306b\", \"\\u30fb\"], {\"\\u30fb\": 1}], [[\"\\u30fb\", \"\\u3067\\u3082\"], {\"\\u3053\\u3063\\u3061\": 1}], [[\"\\u3067\\u3082\", \"\\u3053\\u3063\\u3061\"], {\"\\u3082\": 1}], [[\"\\u3053\\u3063\\u3061\", \"\\u3082\"], {\"\\u6bb5\": 1}], [[\"\\u3082\", \"\\u6bb5\"], {\"\\u7d44\": 1}], [[\"\\u6bb5\", \"\\u7d44\"], {\"\\u7d50\\u69cb\": 1}], [[\"\\u7d44\", \"\\u7d50\\u69cb\"], {\"\\u3042\\u308b\": 1}], [[\"\\u7d50\\u69cb\", \"\\u3042\\u308b\"], {\"\\u3051\\u3069\": 1}], [[\"\\u3042\\u308b\", \"\\u3051\\u3069\"], {\"\\u306d\": 1}], [[\"\\u3051\\u3069\", \"\\u306d\"], {\"\\u3002\": 1}], [[\"\\u3002\", \"\\u307e\\u305f\"], {\"\\u5206\\u539a\": 1}], [[\"\\u307e\\u305f\", \"\\u5206\\u539a\"], {\"\\u3044\\u3063\": 1}], [[\"\\u5206\\u539a\", \"\\u3044\\u3063\"], {\"\\u30b9\": 1}], [[\"\\u3044\\u3063\", \"\\u30b9\"], {\"\\u308f\": 1}], [[\"\\u30b9\", \"\\u308f\"], {\"\\u3002\": 1}], [[\"\\u308f\", \"\\u3002\"], {\"___END__\": 1}], [[\"\\ud83d\\udc7d\", \"\\u80f8\"], {\"\\u71b1\": 1}], [[\"\\u80f8\", \"\\u71b1\"], {\"\\u3059\\u304e\": 1}], [[\"\\u71b1\", \"\\u3059\\u304e\"], {\"\\uff01\": 1}], [[\"\\u3059\\u304e\", \"\\uff01\"], {\"\\uff01\": 1}], [[\"\\uff01\", \"\\u3053\\u3053\"], {\"\\u306e\": 1}], [[\"\\u3053\\u3053\", \"\\u306e\"], {\"\\u30b7\\u30fc\\u30f3\": 1}], [[\"\\u306e\", \"\\u30b7\\u30fc\\u30f3\"], {\"\\u3059\\u3063\\u304b\\u308a\": 1}], [[\"\\u30b7\\u30fc\\u30f3\", \"\\u3059\\u3063\\u304b\\u308a\"], {\"\\u5fd8\\u308c\": 1}], [[\"\\u3059\\u3063\\u304b\\u308a\", \"\\u5fd8\\u308c\"], {\"\\u3066\\u308b\": 1}], [[\"\\u5fd8\\u308c\", \"\\u3066\\u308b\"], {\"\\uff01\": 1}], [[\"\\u3066\\u308b\", \"\\uff01\"], {\"\\u305d\\u306e\\u5f8c\": 1}], [[\"\\uff01\", \"\\u305d\\u306e\\u5f8c\"], {\"\\u304c\": 1}], [[\"\\u305d\\u306e\\u5f8c\", \"\\u304c\"], {\"\\u30ae\\u30e3\": 1}], [[\"\\u304c\", \"\\u30ae\\u30e3\"], {\"\\u304c\": 1}], [[\"\\u30ae\\u30e3\", \"\\u304c\"], {\"y\": 1}], [[\"\\u304c\", \"y\"], {\"\\u304c\": 1, \"\\u7684\": 1}], [[\"y\", \"\\u304c\"], {\"y\": 1}], [[\"y\", \"\\u7684\"], {\"\\u306a\": 1}], [[\"\\u7684\", \"\\u306a\"], {\"\\u5c55\\u958b\": 1}], [[\"\\u306a\", \"\\u5c55\\u958b\"], {\"\\u3060\\u3063\": 1}], [[\"\\u5c55\\u958b\", \"\\u3060\\u3063\"], {\"\\u305f\": 1}], [[\"\\u305f\", \"\\u304b\\u3089\"], {\"\\u3002\": 1}], [[\"\\u304b\\u3089\", \"\\u3002\"], {\"___END__\": 1}], [[\"___BEGIN__\", \"\\u79c1\"], {\"\\u3082\": 1}], [[\"\\u3082\", \"\\u6b7b\\u306c\"], {\"\\u899a\\u609f\": 1}], [[\"\\u6b7b\\u306c\", \"\\u899a\\u609f\"], {\"\\u3092\": 1}], [[\"\\u899a\\u609f\", \"\\u3092\"], {\"\\u3057\": 1}], [[\"\\u3092\", \"\\u3057\"], {\"\\u3066\": 1}], [[\"\\u3066\", \"\\u30c6\\u30ec\\u30d3\"], {\"\\u306e\": 1}], [[\"\\u30c6\\u30ec\\u30d3\", \"\\u306e\"], {\"\\u524d\": 1}], [[\"\\u306e\", \"\\u524d\"], {\"\\u306b\": 1}], [[\"\\u524d\", \"\\u306b\"], {\"\\u5ea7\\u3063\": 1}], [[\"\\u306b\", \"\\u5ea7\\u3063\"], {\"\\u305f\": 1}], [[\"\\u5ea7\\u3063\", \"\\u305f\"], {\"\\u304c\": 1}], [[\"\\u305f\", \"\\u304c\"], {\"\\u672c\\u5f53\\u306b\": 1}], [[\"\\u304c\", \"\\u672c\\u5f53\\u306b\"], {\"\\u6b7b\\u3093\": 1}], [[\"\\u672c\\u5f53\\u306b\", \"\\u6b7b\\u3093\"], {\"\\u3060\": 1}], [[\"\\u6b7b\\u3093\", \"\\u3060\"], {\"\\u30fc\\u30fc\\u30fc\": 1}], [[\"\\u3060\", \"\\u30fc\\u30fc\\u30fc\"], {\"\\u7d76\\u671b\": 1}], [[\"\\u30fc\\u30fc\\u30fc\", \"\\u7d76\\u671b\"], {\"\\u3092\": 1}], [[\"\\u7d76\\u671b\", \"\\u3092\"], {\"\\u898b\\u308b\": 1}], [[\"\\u3092\", \"\\u898b\\u308b\"], {\"\\uff01\": 1}], [[\"\\u898b\\u308b\", \"\\uff01\"], {\"\\u305d\\u308c\": 1}], [[\"\\uff01\", \"\\u305d\\u308c\"], {\"\\u304c\": 1}], [[\"\\u305d\\u308c\", \"\\u304c\"], {\"\\u30aa\\u30eb\\u30d5\\u30a7\\u30f3\\u30ba\": 1}], [[\"\\u304c\", \"\\u30aa\\u30eb\\u30d5\\u30a7\\u30f3\\u30ba\"], {\"\\u3002\": 1}], [[\"\\u30aa\\u30eb\\u30d5\\u30a7\\u30f3\\u30ba\", \"\\u3002\"], {\"\\u3042\\u30fc\": 1}], [[\"\\u3002\", \"\\u3042\\u30fc\"], {\"\\u307e\\u305f\": 1}], [[\"\\u3042\\u30fc\", \"\\u307e\\u305f\"], {\"\\u898b\": 1}], [[\"\\u307e\\u305f\", \"\\u898b\"], {\"\\u305f\\u304f\": 1}], [[\"\\u898b\", \"\\u305f\\u304f\"], {\"\\u306a\\u3063\": 1}], [[\"\\u305f\\u304f\", \"\\u306a\\u3063\"], {\"\\u305f\": 1}], [[\"\\u306a\\u3063\", \"\\u305f\"], {\"\\uff01\": 1}], [[\"\\u305f\", \"\\uff01\"], {\"\\u3067\\u3082\": 1}], [[\"\\uff01\", \"\\u3067\\u3082\"], {\"\\u7761\\u7720\": 1}], [[\"\\u3067\\u3082\", \"\\u7761\\u7720\"], {\"\\u6642\\u9593\": 1}], [[\"\\u7761\\u7720\", \"\\u6642\\u9593\"], {\"\\u3092\": 1}], [[\"\\u6642\\u9593\", \"\\u3092\"], {\"\\u524a\\u308b\": 1}], [[\"\\u3092\", \"\\u524a\\u308b\"], {\"\\u308f\\u3051\": 1}], [[\"\\u524a\\u308b\", \"\\u308f\\u3051\"], {\"\\u306b\": 1}], [[\"\\u308f\\u3051\", \"\\u306b\"], {\"\\u306f\": 1}], [[\"\\u306f\", \"\\u3002\"], {\"\\u3002\": 1}], [[\"\\u3002\", \"\\u3002\"], {\"\\u3002\": 1, \"___END__\": 1}], [[\"___BEGIN__\", \"\\u30d3\\u30f3\"], {\"\\u30dc\\u30fc\": 1}], [[\"\\u30d3\\u30f3\", \"\\u30dc\\u30fc\"], {\"\\u795e\": 1}], [[\"\\u30dc\\u30fc\", \"\\u795e\"], {\"\\u64e6\\u308a\\u4ed8\\u3051\": 1}], [[\"\\u795e\", \"\\u64e6\\u308a\\u4ed8\\u3051\"], {\"\\u305f\\u308a\": 1}], [[\"\\u64e6\\u308a\\u4ed8\\u3051\", \"\\u305f\\u308a\"], {\"\\u3068\\u304b\": 1}], [[\"\\u305f\\u308a\", \"\\u3068\\u304b\"], {\"\\u8272\\u3005\": 1}], [[\"\\u3068\\u304b\", \"\\u8272\\u3005\"], {\"\\u3067\\u304d\\u308b\": 1}], [[\"\\u8272\\u3005\", \"\\u3067\\u304d\\u308b\"], {\"w\": 1}], [[\"\\u3067\\u304d\\u308b\", \"w\"], {\"___END__\": 1}], [[\"___BEGIN__\", \"\\u30ac\\u30f3\"], {\"\\u30c0\\u30e0\": 1}], [[\"\\u30ac\\u30f3\", \"\\u30c0\\u30e0\"], {\"\\u30b7\\u30ea\\u30fc\\u30ba\": 1}], [[\"\\u30c0\\u30e0\", \"\\u30b7\\u30ea\\u30fc\\u30ba\"], {\"\\u5287\": 1}], [[\"\\u30b7\\u30ea\\u30fc\\u30ba\", \"\\u5287\"], {\"\\u4f34\": 1}], [[\"\\u5287\", \"\\u4f34\"], {\"\\u30b9\\u30c8\\u30ea\\u30fc\\u30df\\u30f3\\u30b0\": 1}], [[\"\\u4f34\", \"\\u30b9\\u30c8\\u30ea\\u30fc\\u30df\\u30f3\\u30b0\"], {\"\\u914d\\u4fe1\": 1}], [[\"\\u30b9\\u30c8\\u30ea\\u30fc\\u30df\\u30f3\\u30b0\", \"\\u914d\\u4fe1\"], {\"\\u8a18\\u5ff5\": 1}], [[\"\\u914d\\u4fe1\", \"\\u8a18\\u5ff5\"], {\"\\u30af\\u30a4\\u30ba\": 1}], [[\"\\u8a18\\u5ff5\", \"\\u30af\\u30a4\\u30ba\"], {\"___END__\": 1}], [[\"___BEGIN__\", \"\\u540d\"], {\"\\u30b7\\u30fc\\u30f3\": 1}], [[\"\\u540d\", \"\\u30b7\\u30fc\\u30f3\"], {\"\\u306f\": 1}], [[\"\\u30b7\\u30fc\\u30f3\", \"\\u306f\"], {\"\\u540d\\u66f2\": 1}], [[\"\\u306f\", \"\\u540d\\u66f2\"], {\"\\u3068\\u5171\\u306b\": 1}], [[\"\\u540d\\u66f2\", \"\\u3068\\u5171\\u306b\"], {\"\\u300e\": 1}], [[\"\\u3068\\u5171\\u306b\", \"\\u300e\"], {\"\\u9244\\u8840\": 1}], [[\"\\u300e\", \"\\u9244\\u8840\"], {\"\\u306e\": 1}], [[\"\\u9244\\u8840\", \"\\u306e\"], {\"\\u30aa\\u30eb\\u30d5\\u30a7\\u30f3\\u30ba\": 1}], [[\"\\u306e\", \"\\u30aa\\u30eb\\u30d5\\u30a7\\u30f3\\u30ba\"], {\"\\u7de8\": 1}], [[\"\\u30aa\\u30eb\\u30d5\\u30a7\\u30f3\\u30ba\", \"\\u7de8\"], {\"\\u300f\": 1}], [[\"\\u7de8\", \"\\u300f\"], {\"___END__\": 1}], [[\"___BEGIN__\", \"\\ud83c\\udf8a\"], {\"\\uff3c\": 1}], [[\"\\ud83c\\udf8a\", \"\\uff3c\"], {\"\\u6b63\\u89e3\": 1}], [[\"\\uff3c\", \"\\u6b63\\u89e3\"], {\"\\u767a\\u8868\": 1}], [[\"\\u6b63\\u89e3\", \"\\u767a\\u8868\"], {\"\\uff0f\": 1}], [[\"\\u767a\\u8868\", \"\\uff0f\"], {\"\\ud83c\\udf8a\": 1}], [[\"\\uff0f\", \"\\ud83c\\udf8a\"], {\"\\u2193\": 1}], [[\"\\ud83c\\udf8a\", \"\\u2193\"], {\"___END__\": 1}], [[\"___BEGIN__\", \"\\u7b54\"], {\"\\uff1a\": 1}], [[\"\\u7b54\", \"\\uff1a\"], {\"\\u300c\": 1}], [[\"\\uff1a\", \"\\u300c\"], {\"Hoping\": 1}], [[\"\\u300c\", \"Hoping\"], {\"for\": 1}], [[\"Hoping\", \"for\"], {\"you\": 1}], [[\"for\", \"you\"], {\"\\u300d\": 1}], [[\"you\", \"\\u300d\"], {\"___END__\": 1}], [[\"\\ud83d\\udc7d\", \"\\u4eba\\u751f\"], {\"\\u30b2\\u30fc\\u30e0\": 1}], [[\"\\u4eba\\u751f\", \"\\u30b2\\u30fc\\u30e0\"], {\"\\u306e\": 1}], [[\"\\u30b2\\u30fc\\u30e0\", \"\\u306e\"], {\"\\u99c5\": 1}], [[\"\\u306e\", \"\\u99c5\"], {\"\\u30d0\\u30fc\\u30b8\\u30e7\\u30f3\": 1}], [[\"\\u99c5\", \"\\u30d0\\u30fc\\u30b8\\u30e7\\u30f3\"], {\"\\u307f\\u305f\\u3044\": 1}], [[\"\\u30d0\\u30fc\\u30b8\\u30e7\\u30f3\", \"\\u307f\\u305f\\u3044\"], {\"\\u306a\": 1}], [[\"\\u307f\\u305f\\u3044\", \"\\u306a\"], {\"\\uff1f\": 1}], [[\"___BEGIN__\", \"\\u3061\\u3087\\u3053\\u3061\\u3087\\u3053\"], {\"\\u52d5\\u3044\": 1}], [[\"\\u3061\\u3087\\u3053\\u3061\\u3087\\u3053\", \"\\u52d5\\u3044\"], {\"\\u3066\\u308b\": 1}], [[\"\\u52d5\\u3044\", \"\\u3066\\u308b\"], {\"\\u306e\": 1}], [[\"\\u3066\\u308b\", \"\\u306e\"], {\"\\u53ef\\u611b\\u3044\": 1}], [[\"\\u306e\", \"\\u53ef\\u611b\\u3044\"], {\"\\u3088\": 1}], [[\"\\u53ef\\u611b\\u3044\", \"\\u3088\"], {\"\\u306d\": 1}], [[\"\\u3088\", \"\\u306d\"], {\"\\u2661\": 1}], [[\"\\u306d\", \"\\u2661\"], {\"\\u3057\": 1}], [[\"\\u2661\", \"\\u3057\"], {\"\\u3083\\u3080\": 1}], [[\"\\u3057\", \"\\u3083\\u3080\"], {\"\\u69d8\": 1}], [[\"\\u3083\\u3080\", \"\\u69d8\"], {\"___END__\": 1}], [[\"___BEGIN__\", \"\\u304a\\u4e16\\u8a71\"], {\"\\u306b\": 1}], [[\"\\u307e\\u3059\", \"\\u2729.*\"], {\"\\u02da\": 1}], [[\"\\u2729.*\", \"\\u02da\"], {\"___END__\": 1}], [[\"\\u4e88\\u7d04\", \"\\u6e08\"], {\"\\u3067\\u3057\": 1}], [[\"\\u6e08\", \"\\u3067\\u3057\"], {\"\\u3066\": 1}], [[\"\\u3067\\u3057\", \"\\u3066\"], {\"\\u3001\": 1}], [[\"\\u3001\", \"\\u53ef\\u80fd\"], {\"\\u3067\\u3057\": 1}], [[\"\\u53ef\\u80fd\", \"\\u3067\\u3057\"], {\"\\u305f\\u3089\": 1}], [[\"\\u3067\\u3057\", \"\\u305f\\u3089\"], {\"\\u30b8\\u30e3\\u30c3\\u30af\": 1}], [[\"\\u305f\\u3089\", \"\\u30b8\\u30e3\\u30c3\\u30af\"], {\"\\u304f\\u3093\": 1}], [[\"\\u30b8\\u30e3\\u30c3\\u30af\", \"\\u304f\\u3093\"], {\"2\": 1}], [[\"\\u304f\\u3093\", \"2\"], {\"\\u21d4\": 1}], [[\"2\", \"\\u21d4\"], {\"\\u30ec\\u30aa\\u30ca\": 1}], [[\"\\u21d4\", \"\\u30ec\\u30aa\\u30ca\"], {\"2\": 1}], [[\"\\u30ec\\u30aa\\u30ca\", \"2\"], {\"\\u3067\": 1}], [[\"2\", \"\\u3067\"], {\"\\u4ea4\\u63db\": 1}], [[\"\\u3067\", \"\\u4ea4\\u63db\"], {\"\\u9802\\u304f\": 1}], [[\"\\u4ea4\\u63db\", \"\\u9802\\u304f\"], {\"\\u4e8b\": 1}], [[\"\\u9802\\u304f\", \"\\u4e8b\"], {\"\\u306f\": 1}], [[\"\\u4e8b\", \"\\u306f\"], {\"\\u53ef\\u80fd\": 1}], [[\"\\uff1f\", \"\\u5fa1\"], {\"\\u691c\\u8a0e\": 1}], [[\"\\u5fa1\", \"\\u691c\\u8a0e\"], {\"\\u9802\\u3051\": 1}], [[\"\\u691c\\u8a0e\", \"\\u9802\\u3051\"], {\"\\u307e\\u3059\": 1}], [[\"\\u9802\\u3051\", \"\\u307e\\u3059\"], {\"\\u3068\": 1}], [[\"\\u307e\\u3059\", \"\\u3068\"], {\"\\u5e78\\u3044\": 1}], [[\"\\u3068\", \"\\u5e78\\u3044\"], {\"\\u3067\\u3059\": 1}], [[\"\\u5e78\\u3044\", \"\\u3067\\u3059\"], {\"\\u2026\": 1}], [[\"\\u3067\\u3059\", \"\\u2026\"], {\"!!\": 1}], [[\"\\u2026\", \"!!\"], {\"\\u5b9c\\u3057\\u304f\": 1}], [[\"!!\", \"\\u5b9c\\u3057\\u304f\"], {\"\\u304a\\u9858\\u3044\": 1}], [[\"\\u5b9c\\u3057\\u304f\", \"\\u304a\\u9858\\u3044\"], {\"\\u81f4\\u3057\": 1}], [[\"\\u307e\\u3059\", \"\\ud83d\\ude47\"], {\"u\": 1}], [[\"\\ud83d\\ude47\", \"u\"], {\"200\": 1}], [[\"u\", \"200\"], {\"d\": 1}], [[\"200\", \"d\"], {\"\\u2640\": 1}], [[\"d\", \"\\u2640\"], {\"\\ufe0f\": 1}], [[\"\\u2640\", \"\\ufe0f\"], {\"\\u79cb\\u8449\": 1}], [[\"\\ufe0f\", \"\\u79cb\\u8449\"], {\"\\u307e\\u3067\": 1}], [[\"\\u79cb\\u8449\", \"\\u307e\\u3067\"], {\"\\u884c\\u304f\": 1}], [[\"\\u307e\\u3067\", \"\\u884c\\u304f\"], {\"\\u3057\\u304b\": 1}], [[\"\\u884c\\u304f\", \"\\u3057\\u304b\"], {\"\\u306a\\u3044\": 1}], [[\"\\u3057\\u304b\", \"\\u306a\\u3044\"], {\"\\u306e\": 1, \"\\u3002\": 1}], [[\"\\u304b\", \"\\u3041\\u3041\\u3041\"], {\"\\ud83d\\ude2d\": 1}], [[\"\\u3041\\u3041\\u3041\", \"\\ud83d\\ude2d\"], {\"\\u2764\": 1}], [[\"\\ud83d\\ude2d\", \"\\u2764\"], {\"\\ufe0f\": 1}], [[\"\\u2764\", \"\\ufe0f\"], {\"\\u5bee\": 1}], [[\"\\ufe0f\", \"\\u5bee\"], {\"\\u306f\": 1}], [[\"\\u5bee\", \"\\u306f\"], {\"\\u307f\\u3093\\u306a\": 1}], [[\"\\u306f\", \"\\u307f\\u3093\\u306a\"], {\"\\u53ef\\u611b\\u304f\": 1}], [[\"\\u307f\\u3093\\u306a\", \"\\u53ef\\u611b\\u304f\"], {\"\\u3066\": 1}], [[\"\\u53ef\\u611b\\u304f\", \"\\u3066\"], {\"\\u306a\": 1}], [[\"\\u3066\", \"\\u306a\"], {\"\\u3002\": 1}], [[\"\\u306a\", \"\\u3002\"], {\"\\u7206\\u7b11\": 1, \"\\u30a8\\u30da\": 1}], [[\"\\u3002\", \"\\u7206\\u7b11\"], {\"\\ud83e\\udd23\": 1}], [[\"\\u7206\\u7b11\", \"\\ud83e\\udd23\"], {\"\\u3059\\u308b\": 1}], [[\"\\ud83e\\udd23\", \"\\u3059\\u308b\"], {\"\\u306e\": 1}], [[\"\\u3059\\u308b\", \"\\u306e\"], {\"\\u306f\": 1}], [[\"\\u306e\", \"\\u306f\"], {\"\\u30c7\\u30e5\\u30fc\\u30b9\": 1}], [[\"\\u306f\", \"\\u30c7\\u30e5\\u30fc\\u30b9\"], {\"\\u3088\": 1}], [[\"\\u30c7\\u30e5\\u30fc\\u30b9\", \"\\u3088\"], {\"\\u306a\": 1}], [[\"\\u3088\", \"\\u306a\"], {\"\\u3002\": 1}], [[\"\\u3002\", \"\\u30a8\\u30da\"], {\"\\u3061\\u3083\\u3093\": 1}], [[\"\\u30a8\\u30da\", \"\\u3061\\u3083\\u3093\"], {\"\\u66f8\\u304f\": 1}], [[\"\\u3061\\u3083\\u3093\", \"\\u66f8\\u304f\"], {\"\\u306a\\u3089\": 1}], [[\"\\u66f8\\u304f\", \"\\u306a\\u3089\"], {\"\\u96e3\\u6613\": 1}], [[\"\\u306a\\u3089\", \"\\u96e3\\u6613\"], {\"\\u5ea6\": 1}], [[\"\\u96e3\\u6613\", \"\\u5ea6\"], {\"\\u9ad8\": 1}], [[\"\\u5ea6\", \"\\u9ad8\"], {\"\\u3059\\u304e\\u308b\": 1}], [[\"\\u9ad8\", \"\\u3059\\u304e\\u308b\"], {\"\\u3002\": 1}], [[\"\\u3059\\u304e\\u308b\", \"\\u3002\"], {\"\\u6d25\\u8efd\": 1}], [[\"\\u3002\", \"\\u6d25\\u8efd\"], {\"\\u5f01\": 1}], [[\"\\u6d25\\u8efd\", \"\\u5f01\"], {\"\\uff1f\": 1}], [[\"\\u5f01\", \"\\uff1f\"], {\"\\u3042\\u308c\": 1}], [[\"\\uff1f\", \"\\u3042\\u308c\"], {\"\\u304c\": 1}], [[\"\\u3042\\u308c\", \"\\u304c\"], {\"\\u5206\\u304b\\u3089\": 1}], [[\"\\u304c\", \"\\u5206\\u304b\\u3089\"], {\"\\u3093\": 1}], [[\"\\u5206\\u304b\\u3089\", \"\\u3093\"], {\"\\u3002\": 1}], [[\"\\u3002\", \"\\u9752\\u68ee\"], {\"\\u51fa\\u8eab\": 1}], [[\"\\u9752\\u68ee\", \"\\u51fa\\u8eab\"], {\"\\u306e\": 1}], [[\"\\u51fa\\u8eab\", \"\\u306e\"], {\"\\u53cb\\u9054\": 1}], [[\"\\u306e\", \"\\u53cb\\u9054\"], {\"\\u306b\": 1}], [[\"\\u53cb\\u9054\", \"\\u306b\"], {\"\\u6dfb\\u524a\": 1}], [[\"\\u306b\", \"\\u6dfb\\u524a\"], {\"\\u983c\\u3080\": 1}], [[\"\\u6dfb\\u524a\", \"\\u983c\\u3080\"], {\"\\u3057\\u304b\": 1}], [[\"\\u983c\\u3080\", \"\\u3057\\u304b\"], {\"\\u306a\\u3044\": 1}], [[\"\\u306a\\u3044\", \"\\u3002\"], {\"___END__\": 1}], [[\"___BEGIN__\", \"\\u30b2\\u30de\"], {\"\\u3082\": 1}], [[\"\\u30b2\\u30de\", \"\\u3082\"], {\"\\u884c\\u3051\": 1}], [[\"\\u3082\", \"\\u884c\\u3051\"], {\"\\u3063\\u3066\": 1}], [[\"\\u884c\\u3051\", \"\\u3063\\u3066\"], {\"\\u4e8b\": 1}], [[\"\\u3063\\u3066\", \"\\u4e8b\"], {\"\\u3063\\u3059\": 1}], [[\"\\u4e8b\", \"\\u3063\\u3059\"], {\"\\u306d\": 1}], [[\"\\u3063\\u3059\", \"\\u306d\"], {\"\\uff01\": 1}], [[\"\\u306d\", \"\\uff01\"], {\"w\": 1}], [[\"\\uff01\", \"w\"], {\"\\u30d4\\u30af\\u30df\\u30f3\": 1}], [[\"w\", \"\\u30d4\\u30af\\u30df\\u30f3\"], {\"\\u5897\\u3084\\u3057\": 1}], [[\"\\u30d4\\u30af\\u30df\\u30f3\", \"\\u5897\\u3084\\u3057\"], {\"\\u3066\": 1}], [[\"\\u5897\\u3084\\u3057\", \"\\u3066\"], {\"\\u6575\": 1}], [[\"\\u3066\", \"\\u6575\"], {\"\\u306b\": 1}], [[\"\\u6575\", \"\\u306b\"], {\"\\u6295\\u3052\\u3064\\u3051\": 1}], [[\"\\u306b\", \"\\u6295\\u3052\\u3064\\u3051\"], {\"\\u3066\": 1}], [[\"\\u6295\\u3052\\u3064\\u3051\", \"\\u3066\"], {\"\\u5012\\u3059\": 1}], [[\"\\u3066\", \"\\u5012\\u3059\"], {\"\\u306e\": 1}], [[\"\\u5012\\u3059\", \"\\u306e\"], {\"\\uff01\": 1}], [[\"\\u306e\", \"\\uff01\"], {\"\\u305d\\u3057\\u3066\": 1}], [[\"\\uff01\", \"\\u305d\\u3057\\u3066\"], {\"\\u30d4\\u30af\\u30df\\u30f3\": 1}], [[\"\\u305d\\u3057\\u3066\", \"\\u30d4\\u30af\\u30df\\u30f3\"], {\"\\u98df\\u3079\": 1}], [[\"\\u30d4\\u30af\\u30df\\u30f3\", \"\\u98df\\u3079\"], {\"\\u3089\\u308c\": 1}], [[\"\\u98df\\u3079\", \"\\u3089\\u308c\"], {\"\\u3066\\u308b\": 1}], [[\"\\u3089\\u308c\", \"\\u3066\\u308b\"], {\"\\ud83e\\udd7a\\ud83e\\udd7a\\ud83e\\udd7a\": 1}], [[\"\\u3066\\u308b\", \"\\ud83e\\udd7a\\ud83e\\udd7a\\ud83e\\udd7a\"], {\"w\": 1}], [[\"\\ud83e\\udd7a\\ud83e\\udd7a\\ud83e\\udd7a\", \"w\"], {\"___END__\": 1}], [[\"___BEGIN__\", \"\\u6843\"], {\"\\u9244\": 1}], [[\"\\u6843\", \"\\u9244\"], {\"\\u306f\": 1}], [[\"\\u9244\", \"\\u306f\"], {\"\\u306a\\u3044\": 1}], [[\"\\u306a\\u3044\", \"\\u306a\"], {\"\\u30fc\\u30fc\": 1}], [[\"\\u306a\", \"\\u30fc\\u30fc\"], {\"\\u307f\\u3093\\u306a\": 1}], [[\"\\u30fc\\u30fc\", \"\\u307f\\u3093\\u306a\"], {\"\\u304b\\u3089\": 1}], [[\"___BEGIN__\", \"\\u3042\\u306a\\u305f\"], {\"\\u3092\": 1}], [[\"\\u3042\\u306a\\u305f\", \"\\u3092\"], {\"\\u30a2\\u30cb\\u30e1\": 1}], [[\"\\u3092\", \"\\u30a2\\u30cb\\u30e1\"], {\"\\u306e\": 1}], [[\"\\u30a2\\u30cb\\u30e1\", \"\\u306e\"], {\"\\u4e16\\u754c\": 1}], [[\"\\u306e\", \"\\u4e16\\u754c\"], {\"\\u3078\": 1}], [[\"\\u4e16\\u754c\", \"\\u3078\"], {\"\\u5f15\\u304d\\u305a\\u308a\": 1}], [[\"\\u3078\", \"\\u5f15\\u304d\\u305a\\u308a\"], {\"\\u2026\": 1}], [[\"\\u5f15\\u304d\\u305a\\u308a\", \"\\u2026\"], {\"___END__\": 1}], [[\"___BEGIN__\", \"\\u6700\\u8fd1\"], {\"\\u5bdd\\u9055\\u3048\\u308b\": 1}], [[\"\\u6700\\u8fd1\", \"\\u5bdd\\u9055\\u3048\\u308b\"], {\"\\u306e\\u3067\": 1}], [[\"\\u5bdd\\u9055\\u3048\\u308b\", \"\\u306e\\u3067\"], {\"\\u307e\\u304f\\u3089\": 1}], [[\"\\u306e\\u3067\", \"\\u307e\\u304f\\u3089\"], {\"\\u3092\": 1}], [[\"\\u307e\\u304f\\u3089\", \"\\u3092\"], {\"\\u4f7f\\u3044\": 1}], [[\"\\u3092\", \"\\u4f7f\\u3044\"], {\"\\u306f\": 1}], [[\"\\u4f7f\\u3044\", \"\\u306f\"], {\"\\u2026\": 1}], [[\"\\u306f\", \"\\u2026\"], {\"___END__\": 1}], [[\"___BEGIN__\", \"\\u8a95\\u751f\"], {\"\\u65e5\": 1}], [[\"\\u65e5\", \"\\u30d7\\u30ec\\u30bc\\u30f3\\u30c8\"], {\"\\u304f\\u3060\\u3055\\u3044\": 1}], [[\"\\u30d7\\u30ec\\u30bc\\u30f3\\u30c8\", \"\\u304f\\u3060\\u3055\\u3044\"], {\"___END__\": 1}], [[\"___BEGIN__\", \"\\u5f85\\u3063\"], {\"\\u2026\": 1}], [[\"\\u5f85\\u3063\", \"\\u2026\"], {\"___END__\": 1}], [[\"syamu\", \"\\u306b\"], {\"\\u4f3c\": 1}], [[\"\\u306b\", \"\\u4f3c\"], {\"\\u3066\\u308b\": 1}], [[\"\\u4f3c\", \"\\u3066\\u308b\"], {\"\\u306a\": 1}], [[\"\\u3066\\u308b\", \"\\u306a\"], {\"\\u541b\": 1}], [[\"\\u306a\", \"\\u541b\"], {\"\\u2026\": 1}], [[\"\\u541b\", \"\\u2026\"], {\"___END__\": 1}], [[\"___BEGIN__\", \"\\uff93\\uff73\\uff75\\uff85\\uff76\\uff8d\\uff9f\\uff7a\\uff8d\\uff9f\\uff7a\\uff83\\uff9e\\uff7d\\uff96\\uff70\"], {\"\": 1}], [[\"\\uff93\\uff73\\uff75\\uff85\\uff76\\uff8d\\uff9f\\uff7a\\uff8d\\uff9f\\uff7a\\uff83\\uff9e\\uff7d\\uff96\\uff70\", \"\"], {\"___END__\": 1}]]", "parsed_sentences": [["\u3088\u30fc\u3057", "\uff01", "\u71c3\u3048", "\u3066", "\u304d", "\u305f", "\u30fc", "\uff01", "\u982d", "\u30bd\u30eb\u30c8", "\u306b", "\u306a\u308b", "\u3067", "\u3044\u3044", "\u306d", "\u62bc\u3057", "\u3066", "\u307f", "\u3066"], ["\u305b\u3081\u3066", "\u300c", "\u300e", "\u3053\u3093\u306a", "\u98a8", "\u306b", "\u300f", "\u5225", "\u5f62\u72b6", "\u306e", "\u306b", "\u3059\u308b", "\u3068\u304b", "\u300d", "\u9806\u5e73", "\uff08", "\u6620\u753b", "\u7248", "\u3060", "\u304b\u3089", "\u753b\u9762", "\u304c", "\uff09", "\u6697\u3044", "\u3093", "\u3060", "\u3088", "\uff01", "\u3044\u3044", "\u306d", "\u62bc\u3057", "\u3066", "\u307f", "\u3066"], ["#", "syamu", "_", "game", "\ud83d\udc7d", "\u660e\u65e5", "\u304b\u3089", "\u9023\u4f11", "\u3067\u3059", "\u3002", "4", "\u65e5\u9593", "\u3001", "\u4f11\u307f", "\u304c", "\u7d9a\u304d", "\u307e\u3059", "\u3002", "\u4f11\u307f", "\u306b", "\u306a\u308b", "\u3068", "\u3001", "\u3069\u3046", "\u3076\u3064", "\u6751", "\u3067", "\u306f", "\u4ea4\u901a", "\u4e8b\u6545", "\u306b", "\u906d\u3046", "\u5b50\u4f9b", "\u304c", "\u591a\u3044", "\u306e\u3067", "\u3001", "\u4ea4\u901a", "\u4e8b\u6545", "\u306b", "\u306f", "\u304f\u308c\u3050\u308c\u3082", "\u6ce8\u610f", "\u3057", "\u3066", "\u304f\u3060\u3055\u3044", "\u3002"], ["\u4e00", "\u4eba", "\u3067", "\u3084\u308a", "\u8fbc\u3080", "\u3082\u306e", "\u304b\u3089", "\u307f\u3093\u306a", "\u3067", "\u3084\u308b", "\u3082\u306e", "\u307e\u3067", "\u2661", "\u306a\u3093\u3068\u3082", "\u8a00\u3048", "\u306a\u3044", "\u3066", "\u308a\u3084", "\u304d\u304c", "\u594f\u3067\u308b", "\u30cf\u30fc\u30e2\u30cb\u30fc", "\u3001", "\u305d\u3057\u3066", "\u30ec\u30bf\u30b9", "\u3001", "\u30ec\u30bf\u30b9", "\u306e", "\u30a2\u30af\u30bb\u30f3\u30c8", "\u3001", "\u305d\u3057\u3066", "\u3066\u308a", "\u3084\u304d", "\u30bd\u30fc\u30b9", "\u3068", "\u30de\u30e8\u30cd\u30fc\u30ba", "\u304c", "\u7d61\u307f\u5408\u3063", "\u3066", "\u3001", "\u3055\u3089\u306b", "\u7f8e\u3057\u3044", "\u97f3\u8272", "\u3092", "\u594f\u3067", "\u307e\u3059", "\u3001", "\u3082\u3046", "\u306a\u3093", "\u3066\u3044\u3046", "\u304b", "\u30d1\u30fc\u30d5\u30a7\u30af\u30c8", "\uff01", "\u3044\u3044", "\u306d", "\u62bc\u3057", "\u3066", "\u307f", "\u3066"], ["#", "syamu", "_", "game", "\ud83d\udc7d", "\u751f\u304d", "\u3066", "\u3044\u308b", "\u3060\u3051", "\u3067", "\u30b3\u30ed\u30ca", "\u30a6\u30a4\u30eb\u30b9", "\u6271\u3044", "\u3055", "\u308c\u308b", "\u7537"], ["#", "syamu", "_", "game"], ["#", "\u6d5c\u5d0e", "\u9806\u5e73", "\u3044\u3044", "\u306d", "\u62bc\u3057", "\u3066", "\u307f", "\u3066"], ["#", "syamu", "_", "game", "\ud83d\udc7d", "syamu", "\u306e", "\u30b5\u30e0\u30cd", "\u3088\u308a", "\u3064\u307e\u3089\u306a\u3044", "\uff1f\uff1f\uff1f\uff62", "\u30e0\u30af\u30e0\u30af\u30e0\u30af\u30c3", "\uff01\uff63", "\u3044\u3044", "\u306d", "\u62bc\u3057", "\u3066", "\u307f", "\u3066"], ["#", "syamu", "_", "game", "\ud83d\udc7d", "\u3044\u3044", "\u306d", "\u62bc\u3057", "\u3066", "\u307f", "\u3066"], ["#", "syamu", "_", "game", "\ud83d\udc7d", "\uff0f"], ["1", "\u307e", "\u3093", "\u306b", "\u3093", "\uff01", "\uff01", "\u3042\u308a\u304c\u3068\u3046", "\uff01", "\uff01"], ["\uff3c"], ["\u3055\u304f\u3089", "\u3057\u3081\u3058", "\u30aa\u30d5\u30a3\u30b7\u30e3\u30eb", "TikTok"], ["\u30d5\u30a9\u30ed\u30ef\u30fc", "\u304c", "\uff11", "\u4e07", "\u4eba", "\u306b", "\u306a\u308a", "\u307e\u3057", "\u305f", "\ud83c\udf8a\ud83c\udf8a"], ["\u6b4c\u3063", "\u3066", "\u307b\u3057\u3044", "\u66f2", "\u3082", "\u304a\u5f85\u3061", "\u3057", "\u3066", "\u304a\u308a", "\u307e\u3059", "\ud83c\udf44"], ["#", "\u3055\u304f\u3089", "\u3057\u3081\u3058"], ["#", "TikTok", "\u2026", "PC", "\u304c", "\u5e30\u3063", "\u3066", "\u304d", "\u3066", "\u753b\u9762", "\u306a\u3069", "\u306e", "\u30b7\u30fc\u30eb", "\u8cb7\u3063", "\u3066", "\u8cbc\u3063", "\u3066", "\u3001", "\u30ad\u30fc\u30dc\u30fc\u30c9", "\u306b", "\u3082", "\u30ab\u30d0\u30fc", "\u3064\u3051", "\u3066", "\u3001", "\u672c\u4f53", "\u81ea\u4f53", "\u306b", "\u3082", "\u65b0\u3057\u3044", "\u30ab\u30d0\u30fc", "\u3064\u3051", "\u3066", "\u3002", "\u65b0\u54c1", "\u8cb7\u3063", "\u305f", "\u304b", "\u306e", "\u3088\u3046", "\u306b", "\u3057", "\u3066\u308b", "w", "\u3044\u3044", "\u306d", "\u62bc\u3057", "\u3066", "\u307f", "\u3066"], ["#", "syamu", "_", "game", "\ud83d\udc7d", "\u79c1", "\u3082", "\u30ea\u30cf\u30d3\u30ea", "\u3057", "\u306a\u3044", "\u3068", "\u306a\u3041", "\u30a2\u30f3\u30bf", "\u306f", "\u79c1", "\u306e", "\u30d7\u30ed\u30c7\u30e5\u30fc\u30b5\u30fc", "\u3067", "\u3044\u3044", "\u306e", "\u304b", "\u306a", "\uff1f", "\u4eca\u65e5", "\u306f", "\u304a", "\u8a95\u751f", "\u65e5", "\u69d8", "\u306a", "\u306e", "\u3060", "\u305e", "\u3002", "\u98a8\u8239", "\u98db\u3093", "\u3060", "\ud83c\udf88", "\u3044\u3084", "\u3001", "\u306f\u3063", "\u3084", "1", "\u884c", "\u76ee", "\u8aad\u3093", "\u3060", "\u6642", "syamu", "\u306e", "\u8a71\u3057", "\u3066\u3093", "\u306e", "\u304b", "\u3068", "\u601d\u3063", "\u305f", "\u304a\u4e16\u8a71", "\u306b", "\u306a\u3063", "\u3066", "\u304a\u308a", "\u307e\u3059", "\u3002"], ["\u3053\u3061\u3089", "\u4e88\u7d04", "\u6e08\u307f", "\u3067\u3059", "\u3002"], ["\u30b8\u30e3\u30c3\u30af", "1", "\u2194", "\ufe0f", "\u30ec\u30aa\u30ca", "1", "\u306e", "\u4ea4\u63db", "\u306f", "\u53ef\u80fd", "\u3067\u3057\u3087", "\u3046", "\u304b", "\uff1f", "\u8d05\u6ca2", "\u30d1\u30c3\u30af", "\u3067", "\u8349", "\u751f\u3048", "\u6563\u3089\u304b\u3057", "\u3066", "\u30e9\u30fc\u30e1\u30f3", "\u5439\u3044", "\u305f", "\u3010", "\u4e09", "\u8272", "\u30c1\u30fc\u30ba", "\u725b", "\u4e3c", "\u306e", "\u7279", "\u76db", "\u306b", "\u6e29", "\u7389", "\u4ed8\u304d", "\u3092", "\u983c\u3080", "\u5927\u9053\u5bfa", "\u77e5\u4e16", "\u306e", "\u58f0", "\u771f\u4f3c", "\u3011", "\u6700\u5927", "\u3067", "\uff11", "\uff10", "\uff10", "\u4eba", "\u6765\u308b", "\u3068", "\u601d\u3063", "\u3068\u3051", "\u3070", "\u3044\u3044", "\u304b", "\u306a", "\u3001", "\u5c11\u306a\u304f", "\u3066", "\uff11", "\uff10", "\u4eba", "\u3001", "\u4e2d", "\u3050\u3089\u3044", "\u3067", "\uff15", "\uff10", "\u4eba", "\u3002", "\u6d41\u77f3", "\u306b", "\uff10", "\u4eba", "\u3063\u3066", "\u3053\u3068", "\u306f", "\u306a\u3044", "\u3068", "\u601d\u3046", "\u308f", "\u300c", "\u30cf\u30de", "\u30b5\u30ad", "\u3055\u3093", "\u306b", "\u4f1a\u3048", "\u307e\u3059", "\u3088", "\u300d"], ["\u300c", "\u30de\u30b8", "\uff1f", "\u300d", "\uff08", "\u6d5c\u5d0e", "\u3042\u3086\u307f", "\u3055\u3093", "\u306b", "\u4f1a\u3046", "\u306e", "\u697d\u3057\u307f", "\uff01", "\uff09"], ["\u300c", "\u3067\u306f", "\u30fb", "\u30fb", "\u30fb", "\u767b\u5834", "\u3057", "\u3066", "\u9802\u304d", "\u307e\u3057\u3087", "\u3046", "\uff01", "\u3069\u3046\u305e", "\uff01", "\u300d"], ["\u300c", "\uff73\uff68\uff68\uff68\uff68\uff68\uff68\uff68\uff7d", "\uff01", "\u3069\u3082", "\u30fc", "syamu", "\u3067", "\u30fc", "\u3059", "\u300d", "\u307f\u3093\u306a", "\u304b\u3089", "\u306e", "\u533f\u540d", "\u8cea\u554f", "\u3092", "\u52df\u96c6", "\u4e2d", "\uff01"], ["\u3053\u3093\u306a", "\u8cea\u554f", "\u306b", "\u7b54\u3048", "\u3066\u308b", "\u3088"], ["\u59b9", "\u306b", "\u304a\u5e74\u7389", "\u3042\u3052", "\u305f", "\uff1f", "\u2026"], ["\u3069\u3093\u306a", "\u4ed5\u4e8b", "\u3057", "\u3066\u308b", "\u3093", "\u3067\u3059", "\u304b", "\uff1f", "\u2026"], ["syamu", "\u3055\u3093", "\u77e5\u3063", "\u3066", "\u307e\u3059", "\u304b", "\uff1f", "\u2026"], ["\u59b9", "\u3067", "\u629c\u3044", "\u305f", "\u3053\u3068", "\u304c", "\u3042\u308b", "\uff1f", "\u2026"], ["#"], ["\u3044\u3044", "\u306d", "\u62bc\u3057", "\u3066", "\u307f", "\u3066"], ["\u3053\u306e", "\u30b7\u30ea\u30fc\u30ba", "\u307b\u3093\u3068", "\u3059\u304d", "\u4f55", "\u56de", "\u3082", "\u898b", "\u3066\u308b", "\u3042\u3089", "\u3001", "\u307f\u3063", "\u304f", "\u9aea\u306e\u6bdb", "\u5207\u3063", "\u305f", "\u306e", "\u3002", "\u304b\u308f\u3044\u3044", "\u306d", "\u3002"], ["\u3053\u3093\u306a", "\u8cea\u554f", "\u306b", "\u7b54\u3048", "\u3066\u308b", "\u3088"], ["\u4f55", "\u6b73", "\u3067\u3059", "\u304b", "\uff1f", "\u2026"], ["\u30cf\u30de\u3063", "\u3066", "\u3044\u308b", "\u3053\u3068", "\u2026"], ["\u4f55", "\u6b73", "\u3067\u3059", "\u304b", "\uff1f", "\u2026"], ["\u3053\u308c", "\u307e\u3067", "\u306b", "\u89b3", "\u3066", "\u6ce3\u3044", "\u305f", "\u4f5c\u54c1", "\u306f", "\u306a\u3093", "\u2026"], ["#"], ["\ud83c\uddf7\ud83c\uddf4", "\u30ab\u30e9\u30fc", "\u306e", "\u9806", "\u306b", "\u30aa\u30ea\u30b8\u30ca\u30eb", "\u30e1\u30cb\u30e5\u30fc", "\u306e", "\u6750\u6599", "\u3092", "\u4e26\u3079\u308b", "syamu", "\u3055\u3093", "DAM", "\u3055\u3093", "\u306a\u3093\u3066", "\u3001", "\u307b\u3063\u3068\u304d", "\u307e\u3057\u3087", "\uff1f", "\uff71\uff6f\uff71\uff6f\uff71\uff6f\uff71\uff6f\uff71\uff6f", "syamu", "\u3055\u3093", "\u306e", "\u8cea\u554f", "\u30b3\u30fc\u30ca\u30fc", "\u306b", "\u5bc4\u305b", "\u3089\u308c", "\u305f", "\u8cea\u554f", "\u305f\u3061", "\u3061\u3087\u3044", "\u60aa", "syamu", "\u3055\u3093", "\u7a81\u6483", "\u30a4\u30f3\u30bf\u30d3\u30e5\u30fc", "\u3092", "\u53d7\u3051", "\u3066", "\u3044\u308b", "\u3088\u3046", "\u306b", "\u898b\u3048\u308b", "syamu", "\u3055\u3093", "\u89aa", "\u306e", "\u8eca", "\u306e", "\u904b\u8ee2", "\u5e2d", "\u3067", "\u306f\u3057\u3083\u3050", "\u4e2d\u5b66\u751f"], ["#", "youtube\uff52LIVE", "#", "syamu", "_", "game", "\u3044\u3044", "\u306d", "\u62bc\u3057", "\u3066", "\u307f", "\u3066"], ["\u672c\u65e5", "\u304b\u3089", "#", "\u8131\u7344", "\u3054\u3063\u3053", "\u00d7", "#", "\u9752", "\u9b3c", "\u30aa\u30f3\u30e9\u30a4\u30f3", "\u30b3\u30e9\u30dc", "\u304c", "\u958b\u59cb", "\uff01", "\ud83c\udf89"], ["\u300c", "\u305c\u3093", "\u3044\u3061", "\u300d", "\u300c", "\u30de\u30a4\u30c3\u30ad\u30fc", "\u300d", "\u300c", "\u30ad\u30e3\u30ea\u30fc", "\u3061\u3083\u3093", "\u300d", "\u304c", "\u9752", "\u9b3c", "\u30aa\u30f3\u30e9\u30a4\u30f3", "\u306b", "\u767b\u5834", "\uff01", "\uff01"], ["\u7279\u5225", "\u306a", "\u30c1\u30e3\u30ec\u30f3\u30b8", "\u3092", "\u30af\u30ea\u30a2", "\u3057\u3088", "\u3046", "\uff01"], ["\u307e\u305f", "\u3001", "\u65b0\u305f", "\u306b", "HIKA", "\u2026", "\u6b8b\u5ff5", "\u306a\u304c\u3089", "\u79c1", "\u306f", "\u30a4\u30b1\u30e1\u30f3", "\u3067", "\u306f", "\u3054\u3056\u3044", "\u307e\u305b", "\u3093", "\u3002", "\u3067\u3059", "\u304c", "\u3001", "\u3053\u3053\u308d", "\u306f", "\u7f8e\u5c11\u5973", "\u3067", "\u3054\u3056\u3044", "\u307e\u3059", "\u3002"], ["\u7dba\u9e97", "\u306a", "\u82b1", "\u306b", "\u306f", "\u6bd2", "\u304c", "\u3042\u308b"], ["\u3067\u3082", "\u305d\u308c", "\u3059\u3089", "\u3082", "\u3001", "\u9b45\u529b", "\u306e", "\u4e00\u3064", "\u3067\u3057\u3087", "\u3046", "\uff1f", "\u5712", "\u5d0e", "\u672a", "\u6075", "\u3055\u3093", "\u3084\u3063\u3071", "\u3081\u3061\u3083\u304f\u3061\u3083", "\u58f0", "\u304c", "\u826f\u3044", "\u3070", "\u304b\u3082", "\u306e", "\u30d5\u30ec\u30f3\u30ba", "\u307f\u3093\u306a", "\u304b\u3089", "\u306e", "\u533f\u540d", "\u8cea\u554f", "\u3092", "\u52df\u96c6", "\u4e2d", "\uff01"], ["\u3053\u3093\u306a", "\u8cea\u554f", "\u306b", "\u7b54\u3048", "\u3066\u308b", "\u3088"], ["\u6700\u65b0", "\u306e", "\u304a\u304b\u305a", "\u306f", "\uff1f", "\u2026"], ["\u597d\u304d", "\u3067\u3059", "\u4ed8\u304d\u5408\u3063", "\u3066", "\u304f\u3060\u3055\u3044", "\u2026"], ["\u8328\u57ce", "\u306e", "\u5973", "\u3068", "\u8a71\u3057", "\u3066", "\u306a\u3044", "\u306e", "\uff1f", "\u2026"], ["syamu", "\u3055\u3093", "\u3063\u3066", "\u77e5\u3063", "\u3066", "\u307e\u3059", "\u304b", "\u2026"], ["#"], ["\u30c7\u30a3\u30a2\u30f3\u30b5", "\u52a0\u5165", "\u3092", "\u963b\u6b62", "\u3057", "\u6b63", "\u30d2\u30ed\u30a4\u30f3", "\u306e", "\u5ea7", "\u3092", "\u6b7b\u5b88", "\u3059\u308b", "\u30af\u30e9", "\u30ea\u30b9", "\uff73\uff68", "\uff68\uff68", "\uff68\uff68", "\uff68\uff68", "\uff68\uff68", "\uff68\uff68", "\uff68\uff68", "\uff68\uff68", "\uff68\uff68", "\uff68\uff68", "\uff68\uff68", "\uff70\uff70", "\uff70\uff70", "\uff70\uff70", "\uff70\uff70", "\uff70\uff70", "\uff70\uff70", "\uff70\uff70", "\uff70\uff70", "\uff70\uff70", "\uff70\uff70", "\uff70\uff70", "\uff70\uff70", "\uff70\uff70", "\uff70\uff70", "\uff70\uff70", "\uff70\uff70", "\uff70\uff70", "\uff70\uff70", "\uff70\uff70", "\uff70\uff70", "\uff70\uff70", "\uff70\uff70", "\uff70\uff70", "\uff7d\uff73\uff69\uff69\uff69\uff69\uff69\uff69\uff69\uff69\uff69\uff69\uff69\uff69\uff69\uff69\uff69\uff69\uff69\uff69\uff69\uff69\uff69\uff69\uff69", "!!!!!!!!!!"], ["\u3069\u30fc\u3082", "\u30fc", "syamu", "\u3067", "\u30fc", "\u3059", "\uff01", "\uff01", "\u2026", "\u7121\u7406", "\u306f", "\u3057", "\u306a\u3044", "\u3088\u3046", "\u306b", "\u3059\u308b", "\u3088", "\u3002", "\u6700\u8fd1", "\u9762\u767d\u3044", "\u8a71", "\u3063\u3066", "\u3069\u3046", "\u4f5c\u308b", "\u3093", "\u3060\u308d", "\u3046", "\u3063\u3066", "\u601d\u3063", "\u3066\u308b", "\u306e\u3067", "\u8a66\u884c", "\u932f\u8aa4", "\u3057", "\u3066\u308b", "\u3002", "\u30b7\u30e3\u30e0", "\u30b7\u30fc\u30eb", "\u306e", "\u821e\u3063", "\u3066", "\u805e\u3044", "\u3066", "\u6700\u521d", "\u306b", "\u601d\u3044\u3064\u3044", "\u305f", "\u306e", "\u304c", "\u3001", "syamu", "\u3055\u3093", "\u304c", "\u30aa\u30d5", "\u4f1a", "\u3067", "\u30d7\u30ec\u30bc\u30f3\u30c8", "\u4e88\u5b9a", "\u306b", "\u3057", "\u3066", "\u305f", "\u5996\u602a", "\u30a6\u30a9\u30c3\u30c1", "\u3068", "\u30dd\u30b1\u30e2\u30f3\u30d1\u30f3", "\u306e", "\u30b7\u30fc\u30eb", "\u3067\u3057", "\u305f", "w", "Syamu", "\u3084\u3093", "\u3051", "\uff01", "\uff01", "\u300c", "\u3058\u3083\u3042", "\u79c1", "\u306e", "\u3053\u3068", "\u5927\u597d\u304d", "\u3058\u3083", "\u306a\u3044", "\u3067\u3059", "\u304b", "\u3002\u300d"], ["\u308f\u3056\u308f\u3056", "\u30ad\u30fc\u30d7", "\u89e3\u9664", "\u307e\u3067", "\u3057", "\u3066", "\u8b72\u3063", "\u3066", "\u304f\u3060\u3055\u3063", "\u3066", "\u307b\u3093\u3068\u306b", "\u3042\u308a\u304c\u3068\u3046", "\u3054\u3056\u3044", "\u307e\u3057", "\u305f", "\u2026", "\u6c17", "\u3092", "\u9063\u308f", "\u305b", "\u3066", "\u3057\u307e\u3063", "\u3066", "\u7533\u3057\u8a33", "\u306a\u304b\u3063", "\u305f", "\u3067\u3059", "\ud83d\udca6", "\u304a", "\u8fd4\u4e8b", "\u3001", "\u30d5\u30a9\u30ed\u30fc", "\u3042\u308a\u304c\u3068\u3046", "\u3054\u3056\u3044", "\u307e\u3059", "\uff01"], ["\u5f53\u65b9", "\u3082", "\u30d5\u30a9\u30ed\u30fc", "\u3055", "\u305b", "\u3066", "\u3044\u305f\u3060\u304d", "\u307e\u3059", "\u3002", "\u9577\u671f", "\u3068", "\u306a\u308a", "\u307e\u3059", "\u304c", "\u3088\u308d\u3057\u304f", "\u304a\u9858\u3044", "\u81f4\u3057", "\u307e\u3059", "\uff01", "\u304b\u3064\u3066", "syamu", "\u3060\u3063", "\u305f", "\u4f55", "\u304b", "\u30b7\u30e7\u30fc\u30c8\u30ab\u30c3\u30c8", "\u99c6\u4f7f", "\u30cb\u30ad", "\u3059\u3053", "\u7121\u7406", "\u306e", "\u306a\u3044", "\u3088\u3046", "\u306b", "\u30fb", "\u30fb", "\u30fb", "\u3067\u3082", "\u3053\u3063\u3061", "\u3082", "\u6bb5", "\u7d44", "\u7d50\u69cb", "\u3042\u308b", "\u3051\u3069", "\u306d", "\u3002", "\u307e\u305f", "\u5206\u539a", "\u3044\u3063", "\u30b9", "\u308f", "\u3002"], ["\u3044\u3044", "\u306d", "\u62bc\u3057", "\u3066", "\u307f", "\u3066"], ["#", "syamu", "_", "game", "\ud83d\udc7d", "\u3044\u3044", "\u306d", "\u62bc\u3057", "\u3066", "\u307f", "\u3066"], ["#", "syamu", "_", "game", "\ud83d\udc7d", "\u80f8", "\u71b1", "\u3059\u304e", "\uff01", "\uff01", "\uff01", "\uff01", "\u3053\u3053", "\u306e", "\u30b7\u30fc\u30f3", "\u3059\u3063\u304b\u308a", "\u5fd8\u308c", "\u3066\u308b", "\uff01", "\u305d\u306e\u5f8c", "\u304c", "\u30ae\u30e3", "\u304c", "y", "\u304c", "y", "\u7684", "\u306a", "\u5c55\u958b", "\u3060\u3063", "\u305f", "\u304b\u3089", "\u3002"], ["\u79c1", "\u3082", "\u6b7b\u306c", "\u899a\u609f", "\u3092", "\u3057", "\u3066", "\u30c6\u30ec\u30d3", "\u306e", "\u524d", "\u306b", "\u5ea7\u3063", "\u305f", "\u304c", "\u672c\u5f53\u306b", "\u6b7b\u3093", "\u3060", "\u30fc\u30fc\u30fc", "\u7d76\u671b", "\u3092", "\u898b\u308b", "\uff01", "\u305d\u308c", "\u304c", "\u30aa\u30eb\u30d5\u30a7\u30f3\u30ba", "\u3002", "\u3042\u30fc", "\u307e\u305f", "\u898b", "\u305f\u304f", "\u306a\u3063", "\u305f", "\uff01", "\u3067\u3082", "\u7761\u7720", "\u6642\u9593", "\u3092", "\u524a\u308b", "\u308f\u3051", "\u306b", "\u306f", "\u3002", "\u3002", "\u3002"], ["\u3044\u3044", "\u306d", "\u62bc\u3057", "\u3066", "\u307f", "\u3066"], ["\u30d3\u30f3", "\u30dc\u30fc", "\u795e", "\u64e6\u308a\u4ed8\u3051", "\u305f\u308a", "\u3068\u304b", "\u8272\u3005", "\u3067\u304d\u308b", "w"], ["\u30ac\u30f3", "\u30c0\u30e0", "\u30b7\u30ea\u30fc\u30ba", "\u5287", "\u4f34", "\u30b9\u30c8\u30ea\u30fc\u30df\u30f3\u30b0", "\u914d\u4fe1", "\u8a18\u5ff5", "\u30af\u30a4\u30ba"], ["\u540d", "\u30b7\u30fc\u30f3", "\u306f", "\u540d\u66f2", "\u3068\u5171\u306b", "\u300e", "\u9244\u8840", "\u306e", "\u30aa\u30eb\u30d5\u30a7\u30f3\u30ba", "\u7de8", "\u300f"], ["\uff3c"], ["\ud83c\udf8a", "\uff3c", "\u6b63\u89e3", "\u767a\u8868", "\uff0f", "\ud83c\udf8a", "\u2193"], ["\u7b54", "\uff1a", "\u300c", "Hoping", "for", "you", "\u300d"], ["\u3044\u3044", "\u306d", "\u62bc\u3057", "\u3066", "\u307f", "\u3066"], ["#", "syamu", "_", "game", "\ud83d\udc7d", "\u4eba\u751f", "\u30b2\u30fc\u30e0", "\u306e", "\u99c5", "\u30d0\u30fc\u30b8\u30e7\u30f3", "\u307f\u305f\u3044", "\u306a", "\uff1f"], ["\u3061\u3087\u3053\u3061\u3087\u3053", "\u52d5\u3044", "\u3066\u308b", "\u306e", "\u53ef\u611b\u3044", "\u3088", "\u306d", "\u2661", "\u3057", "\u3083\u3080", "\u69d8"], ["\u304a\u4e16\u8a71", "\u306b", "\u306a\u3063", "\u3066", "\u304a\u308a", "\u307e\u3059", "\u2729.*", "\u02da"], ["\u3053\u3061\u3089", "\u4e88\u7d04", "\u6e08", "\u3067\u3057", "\u3066", "\u3001", "\u53ef\u80fd", "\u3067\u3057", "\u305f\u3089", "\u30b8\u30e3\u30c3\u30af", "\u304f\u3093", "2", "\u21d4", "\u30ec\u30aa\u30ca", "2", "\u3067", "\u4ea4\u63db", "\u9802\u304f", "\u4e8b", "\u306f", "\u53ef\u80fd", "\u3067\u3057\u3087", "\u3046", "\u304b", "\uff1f", "\u5fa1", "\u691c\u8a0e", "\u9802\u3051", "\u307e\u3059", "\u3068", "\u5e78\u3044", "\u3067\u3059", "\u2026", "!!", "\u5b9c\u3057\u304f", "\u304a\u9858\u3044", "\u81f4\u3057", "\u307e\u3059", "\ud83d\ude47", "u", "200", "d", "\u2640", "\ufe0f", "\u79cb\u8449", "\u307e\u3067", "\u884c\u304f", "\u3057\u304b", "\u306a\u3044", "\u306e", "\u304b", "\u3041\u3041\u3041", "\ud83d\ude2d", "\u2764", "\ufe0f", "\u5bee", "\u306f", "\u307f\u3093\u306a", "\u53ef\u611b\u304f", "\u3066", "\u306a", "\u3002", "\u7206\u7b11", "\ud83e\udd23", "\u3059\u308b", "\u306e", "\u306f", "\u30c7\u30e5\u30fc\u30b9", "\u3088", "\u306a", "\u3002", "\u30a8\u30da", "\u3061\u3083\u3093", "\u66f8\u304f", "\u306a\u3089", "\u96e3\u6613", "\u5ea6", "\u9ad8", "\u3059\u304e\u308b", "\u3002", "\u6d25\u8efd", "\u5f01", "\uff1f", "\u3042\u308c", "\u304c", "\u5206\u304b\u3089", "\u3093", "\u3002", "\u9752\u68ee", "\u51fa\u8eab", "\u306e", "\u53cb\u9054", "\u306b", "\u6dfb\u524a", "\u983c\u3080", "\u3057\u304b", "\u306a\u3044", "\u3002"], ["\u30b2\u30de", "\u3082", "\u884c\u3051", "\u3063\u3066", "\u4e8b", "\u3063\u3059", "\u306d", "\uff01", "w", "\u30d4\u30af\u30df\u30f3", "\u5897\u3084\u3057", "\u3066", "\u6575", "\u306b", "\u6295\u3052\u3064\u3051", "\u3066", "\u5012\u3059", "\u306e", "\uff01", "\u305d\u3057\u3066", "\u30d4\u30af\u30df\u30f3", "\u98df\u3079", "\u3089\u308c", "\u3066\u308b", "\ud83e\udd7a\ud83e\udd7a\ud83e\udd7a", "w"], ["\u6843", "\u9244", "\u306f", "\u306a\u3044", "\u306a", "\u30fc\u30fc", "\u307f\u3093\u306a", "\u304b\u3089", "\u306e", "\u533f\u540d", "\u8cea\u554f", "\u3092", "\u52df\u96c6", "\u4e2d", "\uff01"], ["\u3053\u3093\u306a", "\u8cea\u554f", "\u306b", "\u7b54\u3048", "\u3066\u308b", "\u3088"], ["\u3042\u306a\u305f", "\u3092", "\u30a2\u30cb\u30e1", "\u306e", "\u4e16\u754c", "\u3078", "\u5f15\u304d\u305a\u308a", "\u2026"], ["\u6700\u8fd1", "\u5bdd\u9055\u3048\u308b", "\u306e\u3067", "\u307e\u304f\u3089", "\u3092", "\u4f7f\u3044", "\u306f", "\u2026"], ["\u8a95\u751f", "\u65e5", "\u30d7\u30ec\u30bc\u30f3\u30c8", "\u304f\u3060\u3055\u3044"], ["\u5f85\u3063", "\u2026"], ["syamu", "\u306b", "\u4f3c", "\u3066\u308b", "\u306a", "\u541b", "\u2026"], ["#"], ["\uff93\uff73\uff75\uff85\uff76\uff8d\uff9f\uff7a\uff8d\uff9f\uff7a\uff83\uff9e\uff7d\uff96\uff70", ""]]}